KEGG ID	Species	mt_0.01a	mt_1a	mt_100a	mt_0.01b	mt_1b	mt_100b	mt_0.01c	mt_1c	mt_100c	mg
sfu:Sfum_1340	Syntrophobacter fumaroxidans	158.0	160.0	74.0	150.0	166.0	56.0	192.0	214.0	44.0	1.0
sfu:Sfum_1685	Syntrophobacter fumaroxidans	56.0	34.0	20.0	68.0	54.0	26.0	62.0	54.0	22.0	1.0
sfu:Sfum_3578	Syntrophobacter fumaroxidans	264.0	236.0	76.0	226.0	220.0	100.0	234.0	224.0	74.0	1.0
mfc:BRM9_2132,mfi:DSM1535_1549	Methanobacterium formicicum	478.0	392.0	132.0	526.0	508.0	166.0	464.0	456.0	140.0	1.0
mfc:BRM9_0814,mfi:DSM1535_0777	Methanobacterium formicicum	316.0	314.0	118.0	330.0	344.0	84.0	330.0	280.0	136.0	1.0
sfu:Sfum_2414	Syntrophobacter fumaroxidans	140.0	140.0	40.0	164.0	164.0	36.0	140.0	168.0	44.0	1.0
ppd:Ppro_0051	Pelobacter propionicus	82.0	58.0	20.0	64.0	60.0	8.0	38.0	46.0	22.0	1.0
sfu:Sfum_2684	Syntrophobacter fumaroxidans	104.0	102.0	28.0	112.0	106.0	36.0	90.0	76.0	32.0	1.0
mfc:BRM9_1784,mfi:DSM1535_2425	Methanobacterium formicicum	156.0	138.0	36.0	140.0	160.0	56.0	146.0	168.0	48.0	1.0
ppd:Ppro_0047	Pelobacter propionicus	56.0	94.0	24.0	62.0	52.0	24.0	74.0	58.0	12.0	1.0
sfu:Sfum_1124	Syntrophobacter fumaroxidans	150.0	140.0	34.0	142.0	136.0	36.0	138.0	134.0	58.0	1.0
mfi:DSM1535_1979	Methanobacterium formicicum	576.0	552.0	180.0	580.0	592.0	180.0	580.0	526.0	188.0	1.0
mfc:BRM9_1876,mfi:DSM1535_0059	Methanobacterium formicicum	100.0	70.0	32.0	128.0	110.0	36.0	90.0	88.0	26.0	1.0
mfc:BRM9_0647,mfi:DSM1535_0619	Methanobacterium formicicum	0.0	210.0	6862.0	2.0	246.0	6678.0	4.0	208.0	6736.0	1.0
sfu:Sfum_3934	Syntrophobacter fumaroxidans	194.0	198.0	58.0	198.0	144.0	54.0	210.0	156.0	76.0	1.0
sfu:Sfum_0161	Syntrophobacter fumaroxidans	0.0	88.0	2388.0	0.0	58.0	2432.0	0.0	70.0	2480.0	1.0
sfu:Sfum_2367	Syntrophobacter fumaroxidans	90.0	82.0	20.0	70.0	72.0	24.0	88.0	90.0	36.0	1.0
sfu:Sfum_3901	Syntrophobacter fumaroxidans	60.0	104.0	38.0	110.0	92.0	42.0	106.0	98.0	46.0	1.0
mfi:DSM1535_1642	Methanobacterium formicicum	152.0	146.0	40.0	154.0	162.0	48.0	154.0	156.0	54.0	1.0
sfu:Sfum_1611	Syntrophobacter fumaroxidans	46.0	30.0	8.0	52.0	30.0	6.0	42.0	40.0	18.0	1.0
sfu:Sfum_0952	Syntrophobacter fumaroxidans	58.0	56.0	18.0	58.0	52.0	22.0	22.0	36.0	14.0	1.0
sfu:Sfum_3505	Syntrophobacter fumaroxidans	76.0	48.0	20.0	52.0	74.0	36.0	72.0	74.0	26.0	1.0
sfu:Sfum_1615	Syntrophobacter fumaroxidans	110.0	142.0	34.0	104.0	106.0	30.0	104.0	76.0	20.0	1.0
sfu:Sfum_0946	Syntrophobacter fumaroxidans	28.0	34.0	8.0	58.0	32.0	8.0	36.0	50.0	16.0	1.0
mfi:DSM1535_1795	Methanobacterium formicicum	770.0	724.0	264.0	682.0	752.0	232.0	794.0	680.0	228.0	1.0
gsu:GSU2751	Geobacter sulfurreducens	156.0	162.0	60.0	170.0	150.0	52.0	164.0	148.0	48.0	1.0
sfu:Sfum_2082	Syntrophobacter fumaroxidans	140.0	96.0	48.0	76.0	114.0	42.0	116.0	84.0	40.0	1.0
sfu:Sfum_3059	Syntrophobacter fumaroxidans	100.0	70.0	14.0	62.0	70.0	12.0	70.0	52.0	22.0	1.0
mfc:BRM9_2215,mfi:DSM1535_1145	Methanobacterium formicicum	240.0	200.0	78.0	190.0	236.0	84.0	228.0	220.0	68.0	1.0
sfu:Sfum_3633	Syntrophobacter fumaroxidans	54.0	68.0	18.0	60.0	56.0	28.0	56.0	84.0	26.0	1.0
ppd:Ppro_0396	Pelobacter propionicus	128.0	150.0	38.0	140.0	122.0	50.0	118.0	132.0	50.0	1.0
mfi:DSM1535_2245	Methanobacterium formicicum	450.0	494.0	176.0	508.0	466.0	140.0	550.0	484.0	150.0	1.0
sfu:Sfum_3452	Syntrophobacter fumaroxidans	174.0	192.0	70.0	170.0	178.0	68.0	198.0	164.0	64.0	1.0
sfu:Sfum_1987	Syntrophobacter fumaroxidans	224.0	224.0	92.0	232.0	228.0	66.0	202.0	230.0	58.0	1.0
sfu:Sfum_1880	Syntrophobacter fumaroxidans	138.0	122.0	50.0	136.0	122.0	56.0	112.0	130.0	44.0	1.0
sfu:Sfum_1701	Syntrophobacter fumaroxidans	68.0	50.0	28.0	50.0	42.0	22.0	38.0	46.0	24.0	1.0
mfi:DSM1535_0025	Methanobacterium formicicum	230.0	224.0	80.0	258.0	238.0	82.0	266.0	234.0	80.0	1.0
sfu:Sfum_3493	Syntrophobacter fumaroxidans	144.0	128.0	54.0	130.0	144.0	54.0	142.0	180.0	44.0	1.0
mfi:DSM1535_0471	Methanobacterium formicicum	334.0	330.0	116.0	278.0	312.0	94.0	304.0	300.0	120.0	1.0
sfu:Sfum_1305	Syntrophobacter fumaroxidans	186.0	160.0	52.0	164.0	178.0	60.0	208.0	128.0	46.0	1.0
mfc:BRM9_1532,mfi:DSM1535_2236	Methanobacterium formicicum	76.0	82.0	34.0	78.0	88.0	26.0	76.0	58.0	34.0	1.0
sfu:Sfum_2184	Syntrophobacter fumaroxidans	146.0	192.0	50.0	154.0	134.0	36.0	124.0	158.0	28.0	1.0
mfi:DSM1535_0574	Methanobacterium formicicum	250.0	208.0	70.0	200.0	188.0	72.0	232.0	224.0	90.0	1.0
sfu:Sfum_0520	Syntrophobacter fumaroxidans	94.0	102.0	32.0	122.0	88.0	22.0	116.0	114.0	24.0	1.0
mfc:BRM9_2196,mfi:DSM1535_1127	Methanobacterium formicicum	144.0	124.0	46.0	118.0	108.0	38.0	140.0	108.0	48.0	1.0
sfu:Sfum_3991	Syntrophobacter fumaroxidans	168.0	204.0	58.0	216.0	198.0	64.0	178.0	182.0	60.0	1.0
sfu:Sfum_2336	Syntrophobacter fumaroxidans	184.0	166.0	46.0	176.0	186.0	56.0	204.0	214.0	62.0	1.0
sfu:Sfum_2670	Syntrophobacter fumaroxidans	130.0	132.0	56.0	140.0	158.0	24.0	138.0	128.0	52.0	1.0
mfi:DSM1535_2266	Methanobacterium formicicum	186.0	186.0	70.0	196.0	156.0	68.0	216.0	186.0	72.0	1.0
sfu:Sfum_0020	Syntrophobacter fumaroxidans	348.0	266.0	90.0	332.0	314.0	70.0	314.0	320.0	114.0	1.0
mfi:DSM1535_0941	Methanobacterium formicicum	244.0	244.0	44.0	254.0	200.0	88.0	246.0	266.0	92.0	1.0
mfc:BRM9_0390,mfi:DSM1535_0318	Methanobacterium formicicum	174.0	166.0	46.0	202.0	172.0	50.0	236.0	172.0	80.0	1.0
mfi:DSM1535_0145	Methanobacterium formicicum	202.0	208.0	64.0	196.0	190.0	66.0	204.0	184.0	58.0	1.0
sfu:Sfum_3072	Syntrophobacter fumaroxidans	42.0	36.0	10.0	38.0	36.0	18.0	36.0	46.0	4.0	1.0
mfc:BRM9_2083,mfi:DSM1535_1598	Methanobacterium formicicum	264.0	324.0	116.0	274.0	290.0	106.0	308.0	296.0	86.0	1.0
mfc:BRM9_2073,mfi:DSM1535_1613	Methanobacterium formicicum	532.0	568.0	206.0	528.0	478.0	174.0	538.0	474.0	214.0	1.0
mfi:DSM1535_1881	Methanobacterium formicicum	290.0	324.0	118.0	324.0	274.0	80.0	322.0	344.0	90.0	1.0
sfu:Sfum_1872	Syntrophobacter fumaroxidans	64.0	42.0	12.0	62.0	50.0	14.0	42.0	56.0	10.0	1.0
sfu:Sfum_0197	Syntrophobacter fumaroxidans	96.0	122.0	32.0	98.0	112.0	32.0	108.0	94.0	34.0	1.0
gsu:GSU3303	Geobacter sulfurreducens	30.0	36.0	4.0	42.0	28.0	14.0	16.0	32.0	10.0	1.0
sfu:Sfum_3087	Syntrophobacter fumaroxidans	152.0	150.0	54.0	176.0	106.0	64.0	154.0	148.0	42.0	1.0
sfu:Sfum_1123	Syntrophobacter fumaroxidans	186.0	170.0	70.0	182.0	206.0	64.0	218.0	212.0	72.0	1.0
dax:FDQ92_09800	Deltaproteobacteria bacterium	122.0	88.0	22.0	104.0	104.0	40.0	90.0	82.0	28.0	1.0
sfu:Sfum_3642	Syntrophobacter fumaroxidans	64.0	48.0	14.0	58.0	60.0	24.0	54.0	52.0	16.0	1.0
mfi:DSM1535_0878	Methanobacterium formicicum	876.0	885.0	272.0	945.0	869.0	262.0	842.0	855.0	288.0	1.0
mfi:DSM1535_1178	Methanobacterium formicicum	380.0	346.0	90.0	338.0	308.0	122.0	326.0	320.0	100.0	1.0
sfu:Sfum_2447	Syntrophobacter fumaroxidans	136.0	102.0	38.0	96.0	142.0	40.0	130.0	108.0	44.0	1.0
mfi:DSM1535_1738	Methanobacterium formicicum	154.0	142.0	48.0	136.0	144.0	48.0	166.0	160.0	56.0	1.0
mfc:BRM9_0171,mfi:DSM1535_1489	Methanobacterium formicicum	2.0	314.0	10762.0	0.0	338.0	10618.0	6.0	330.0	10470.0	1.0
sfu:Sfum_3070	Deltaproteobacteria bacterium	242.0	218.0	104.0	266.0	210.0	86.0	264.0	276.0	62.0	1.0
mfi:DSM1535_1191	Methanobacterium formicicum	234.0	282.0	88.0	276.0	254.0	76.0	298.0	260.0	100.0	1.0
sfu:Sfum_1094	Syntrophobacter fumaroxidans	242.0	214.0	64.0	194.0	268.0	80.0	234.0	222.0	62.0	1.0
gsu:GSU0819	Geobacter sulfurreducens	58.0	54.0	14.0	50.0	24.0	16.0	38.0	36.0	22.0	1.0
sfu:Sfum_0434	Syntrophobacter fumaroxidans	102.0	92.0	28.0	102.0	98.0	36.0	114.0	90.0	36.0	1.0
sfu:Sfum_0236	Syntrophobacter fumaroxidans	90.0	112.0	28.0	56.0	104.0	36.0	90.0	80.0	38.0	1.0
sfu:Sfum_3904	Syntrophobacter fumaroxidans	38.0	24.0	18.0	42.0	40.0	20.0	50.0	48.0	22.0	1.0
mfi:DSM1535_0162	Methanobacterium formicicum	328.0	320.0	114.0	364.0	384.0	108.0	348.0	350.0	122.0	1.0
sfu:Sfum_3108	Syntrophobacter fumaroxidans	76.0	78.0	20.0	84.0	68.0	28.0	104.0	68.0	30.0	1.0
sfu:Sfum_1290	Syntrophobacter fumaroxidans	128.0	134.0	30.0	126.0	122.0	52.0	114.0	106.0	48.0	1.0
mfi:DSM1535_0137	Methanobacterium formicicum	276.0	268.0	74.0	308.0	288.0	96.0	260.0	250.0	102.0	1.0
mfi:DSM1535_0133	Methanobacterium formicicum	310.0	282.0	120.0	300.0	290.0	90.0	304.0	340.0	120.0	1.0
mfc:BRM9_0515,mfi:DSM1535_0495	Methanobacterium formicicum	122.0	80.0	36.0	96.0	98.0	38.0	90.0	94.0	36.0	1.0
sfu:Sfum_3106	Syntrophobacter fumaroxidans	122.0	158.0	48.0	130.0	154.0	44.0	154.0	104.0	52.0	1.0
sfu:Sfum_2803	Syntrophobacter fumaroxidans	76.0	68.0	26.0	66.0	68.0	22.0	90.0	74.0	20.0	1.0
mfc:BRM9_1850,mfi:DSM1535_0033	Methanobacterium formicicum	124.0	80.0	48.0	98.0	104.0	46.0	96.0	118.0	42.0	1.0
dax:FDQ92_06120	Deltaproteobacteria bacterium	146.0	158.0	42.0	184.0	124.0	42.0	128.0	126.0	56.0	1.0
sfu:Sfum_1376	Syntrophobacter fumaroxidans	64.0	54.0	18.0	40.0	52.0	10.0	54.0	74.0	24.0	1.0
mfc:BRM9_0253,mfi:DSM1535_1052	Methanobacterium formicicum	176.0	180.0	44.0	182.0	194.0	72.0	194.0	154.0	54.0	1.0
sfu:Sfum_3336	Syntrophobacter fumaroxidans	76.0	84.0	10.0	86.0	64.0	30.0	52.0	52.0	20.0	1.0
gsu:GSU1701	Geobacter sulfurreducens	26.0	16.0	8.0	34.0	22.0	10.0	36.0	24.0	10.0	1.0
sfu:Sfum_3939	Syntrophobacter fumaroxidans	42.0	36.0	18.0	32.0	30.0	12.0	42.0	46.0	14.0	1.0
mfi:DSM1535_1139	Methanobacterium formicicum	388.0	306.0	102.0	340.0	298.0	84.0	298.0	312.0	94.0	1.0
mfi:DSM1535_1694	Methanobacterium formicicum	644.0	522.0	164.0	590.0	562.0	178.0	504.0	548.0	172.0	1.0
sfu:Sfum_4098	Syntrophobacter fumaroxidans	76.0	76.0	26.0	62.0	68.0	26.0	76.0	80.0	18.0	1.0
mfi:DSM1535_1162	Methanobacterium formicicum	42.0	32.0	8.0	22.0	16.0	12.0	28.0	34.0	8.0	1.0
mfi:DSM1535_0963	Methanobacterium formicicum	30.0	50.0	6.0	54.0	40.0	12.0	38.0	34.0	22.0	1.0
mfi:DSM1535_2228	Methanobacterium formicicum	402.0	472.0	170.0	404.0	386.0	152.0	416.0	384.0	156.0	1.0
mfi:DSM1535_1749	Methanobacterium formicicum	224.0	206.0	70.0	262.0	246.0	70.0	254.0	234.0	58.0	1.0
mfc:BRM9_1851,mfi:DSM1535_0034	Methanobacterium formicicum	170.0	180.0	40.0	190.0	172.0	52.0	152.0	140.0	46.0	1.0
mfi:DSM1535_0884	Methanobacterium formicicum	276.0	344.0	118.0	232.0	320.0	84.0	310.0	274.0	102.0	1.0
mfc:BRM9_1329,mfi:DSM1535_2014	Methanobacterium formicicum	80.0	96.0	30.0	78.0	76.0	28.0	82.0	92.0	40.0	1.0
sfu:Sfum_3937	Syntrophobacter fumaroxidans	72.0	44.0	12.0	62.0	72.0	10.0	86.0	54.0	24.0	1.0
sfu:Sfum_3922	Syntrophobacter fumaroxidans	356.0	398.0	166.0	392.0	410.0	130.0	378.0	386.0	154.0	1.0
sfu:Sfum_1621	Syntrophobacter fumaroxidans	152.0	164.0	66.0	170.0	166.0	46.0	136.0	162.0	56.0	1.0
sfu:Sfum_2188	Syntrophobacter fumaroxidans	186.0	148.0	46.0	142.0	152.0	58.0	160.0	146.0	40.0	1.0
mfi:DSM1535_2337	Methanobacterium formicicum	352.0	312.0	138.0	322.0	338.0	118.0	412.0	332.0	102.0	1.0
mfc:BRM9_1691,mfi:DSM1535_2338	Methanobacterium formicicum	256.0	294.0	74.0	276.0	282.0	110.0	276.0	254.0	106.0	1.0
mfi:DSM1535_0336	Methanobacterium formicicum	240.0	236.0	82.0	200.0	204.0	62.0	210.0	210.0	86.0	1.0
sfu:Sfum_3316	Syntrophobacter fumaroxidans	174.0	162.0	36.0	174.0	132.0	52.0	144.0	166.0	44.0	1.0
mfc:BRM9_0213,mfi:DSM1535_1529	Methanobacterium formicicum	62.0	64.0	22.0	76.0	64.0	22.0	88.0	62.0	28.0	1.0
mfc:BRM9_2297,mfi:DSM1535_1231	Methanobacterium formicicum	304.0	354.0	104.0	360.0	356.0	112.0	304.0	304.0	122.0	1.0
sfu:Sfum_0514	Syntrophobacter fumaroxidans	156.0	130.0	36.0	144.0	142.0	34.0	104.0	136.0	62.0	1.0
sfu:Sfum_3575	Syntrophobacter fumaroxidans	112.0	108.0	28.0	122.0	96.0	50.0	90.0	100.0	36.0	1.0
mfc:BRM9_1811,mfi:DSM1535_2453	Methanobacterium formicicum	422.0	408.0	136.0	400.0	446.0	126.0	412.0	366.0	128.0	1.0
sfu:Sfum_1360	Syntrophobacter fumaroxidans	132.0	124.0	52.0	110.0	110.0	40.0	160.0	140.0	44.0	1.0
sfu:Sfum_1981	Syntrophobacter fumaroxidans	124.0	108.0	42.0	126.0	96.0	32.0	92.0	114.0	36.0	1.0
mfi:DSM1535_1272	Methanobacterium formicicum	348.0	424.0	128.0	414.0	402.0	106.0	360.0	342.0	108.0	1.0
sfu:Sfum_0487	Syntrophobacter fumaroxidans	64.0	36.0	18.0	38.0	58.0	14.0	48.0	50.0	24.0	1.0
mfi:DSM1535_0406	Methanobacterium formicicum	300.0	296.0	92.0	298.0	318.0	86.0	322.0	240.0	66.0	1.0
mfc:BRM9_0367,mfi:DSM1535_0294	Methanobacterium formicicum	484.0	406.0	148.0	448.0	392.0	158.0	420.0	462.0	130.0	1.0
sfu:Sfum_3996	Syntrophobacter fumaroxidans	146.0	136.0	40.0	138.0	136.0	38.0	152.0	164.0	40.0	1.0
sfu:Sfum_2050	Syntrophobacter fumaroxidans	20.0	24.0	10.0	44.0	24.0	16.0	38.0	32.0	6.0	1.0
sfu:Sfum_3082	Syntrophobacter fumaroxidans	138.0	164.0	58.0	148.0	156.0	44.0	166.0	186.0	60.0	1.0
mfc:BRM9_0778,mfi:DSM1535_0739	Methanobacterium formicicum	180.0	142.0	52.0	150.0	166.0	70.0	142.0	172.0	38.0	1.0
mfc:BRM9_0257,mfi:DSM1535_1048	Methanobacterium formicicum	118.0	92.0	20.0	98.0	78.0	32.0	102.0	88.0	46.0	1.0
mfc:BRM9_2306,mfi:DSM1535_1240	Methanobacterium formicicum	422.0	406.0	120.0	440.0	474.0	120.0	418.0	410.0	162.0	1.0
mfi:DSM1535_1918	Methanobacterium formicicum	116.0	104.0	56.0	130.0	112.0	28.0	78.0	110.0	20.0	1.0
sfu:Sfum_1895	Syntrophobacter fumaroxidans	22.0	28.0	8.0	26.0	38.0	10.0	14.0	36.0	4.0	1.0
sfu:Sfum_1131	Syntrophobacter fumaroxidans	164.0	174.0	52.0	216.0	180.0	58.0	178.0	214.0	62.0	1.0
sfu:Sfum_2452	Syntrophobacter fumaroxidans	58.0	48.0	12.0	38.0	70.0	24.0	66.0	66.0	20.0	1.0
mfc:BRM9_2146,mfi:DSM1535_1534	Methanobacterium formicicum	80.0	54.0	20.0	76.0	74.0	30.0	70.0	62.0	18.0	1.0
sfu:Sfum_2359	Syntrophobacter fumaroxidans	313.0	341.0	111.0	349.0	291.0	103.0	322.0	296.0	115.0	1.0
sfu:Sfum_1104	Syntrophobacter fumaroxidans	52.0	54.0	26.0	58.0	44.0	20.0	72.0	70.0	24.0	1.0
mfc:BRM9_1339,mfi:DSM1535_2024	Methanobacterium formicicum	290.0	220.0	88.0	256.0	238.0	94.0	310.0	256.0	88.0	1.0
sfu:Sfum_3337	Syntrophobacter fumaroxidans	160.0	156.0	38.0	158.0	144.0	50.0	142.0	154.0	38.0	1.0
mfi:DSM1535_0289	Methanobacterium formicicum	218.0	260.0	90.0	310.0	280.0	96.0	276.0	272.0	86.0	1.0
sfu:Sfum_0469	Syntrophobacter fumaroxidans	88.0	62.0	28.0	90.0	66.0	20.0	76.0	70.0	30.0	1.0
mfc:BRM9_0346,mfi:DSM1535_0951	Methanobacterium formicicum	196.0	178.0	62.0	282.0	214.0	48.0	216.0	248.0	70.0	1.0
dax:FDQ92_02570	Deltaproteobacteria bacterium	120.0	116.0	34.0	114.0	128.0	44.0	124.0	140.0	20.0	1.0
sfu:Sfum_3733	Syntrophobacter fumaroxidans	144.0	164.0	48.0	134.0	148.0	32.0	138.0	158.0	62.0	1.0
sfu:Sfum_0984	Syntrophobacter fumaroxidans	174.0	176.0	52.0	140.0	164.0	50.0	206.0	162.0	46.0	1.0
sfu:Sfum_1627	Syntrophobacter fumaroxidans	336.0	316.0	114.0	374.0	284.0	112.0	328.0	308.0	94.0	1.0
sfu:Sfum_2802	Syntrophobacter fumaroxidans	266.0	244.0	80.0	276.0	244.0	82.0	254.0	302.0	96.0	1.0
mfi:DSM1535_1788	Methanobacterium formicicum	194.0	156.0	40.0	160.0	182.0	46.0	186.0	198.0	64.0	1.0
mfi:DSM1535_1014	Methanobacterium formicicum	172.0	126.0	66.0	168.0	146.0	56.0	174.0	166.0	54.0	1.0
sfu:Sfum_3500	Syntrophobacter fumaroxidans	102.0	90.0	20.0	128.0	98.0	32.0	82.0	90.0	20.0	1.0
sfu:Sfum_2445	Syntrophobacter fumaroxidans	236.0	244.0	90.0	254.0	236.0	120.0	244.0	236.0	76.0	1.0
sfu:Sfum_1740	Syntrophobacter fumaroxidans	4.0	178.0	5592.0	2.0	158.0	5650.0	0.0	148.0	5538.0	1.0
sfu:Sfum_1670	Syntrophobacter fumaroxidans	262.0	304.0	80.0	304.0	252.0	76.0	256.0	290.0	94.0	1.0
sfu:Sfum_4055	Syntrophobacter fumaroxidans	114.0	114.0	38.0	154.0	94.0	22.0	82.0	94.0	50.0	1.0
sfu:Sfum_0810	Syntrophobacter fumaroxidans	162.0	106.0	36.0	104.0	146.0	42.0	124.0	138.0	40.0	1.0
sfu:Sfum_3333	Syntrophobacter fumaroxidans	122.0	124.0	52.0	120.0	120.0	44.0	118.0	118.0	46.0	1.0
sfu:Sfum_1980	Syntrophobacter fumaroxidans	76.0	76.0	32.0	62.0	114.0	24.0	128.0	100.0	38.0	1.0
sfu:Sfum_1873	Syntrophobacter fumaroxidans	50.0	38.0	16.0	48.0	44.0	14.0	56.0	66.0	12.0	1.0
mfi:DSM1535_2092	Methanobacterium formicicum	146.0	164.0	50.0	144.0	172.0	52.0	168.0	140.0	64.0	1.0
sfu:Sfum_1397	Deltaproteobacteria bacterium	52.0	28.0	8.0	50.0	56.0	8.0	40.0	32.0	18.0	1.0
mfc:BRM9_1134,mfi:DSM1535_1790	Methanobacterium formicicum	200.0	146.0	38.0	200.0	168.0	52.0	156.0	182.0	56.0	1.0
mfi:DSM1535_1481	Methanobacterium formicicum	324.0	298.0	94.0	326.0	342.0	94.0	282.0	326.0	96.0	1.0
mfi:DSM1535_2228	Methanobacterium formicicum	72.0	68.0	24.0	56.0	84.0	28.0	86.0	70.0	20.0	1.0
sfu:Sfum_1499	Syntrophobacter fumaroxidans	112.0	134.0	34.0	118.0	102.0	44.0	134.0	132.0	20.0	1.0
mfi:DSM1535_1818	Methanobacterium formicicum	168.0	156.0	46.0	134.0	140.0	42.0	158.0	148.0	48.0	1.0
mfi:DSM1535_0440	Methanobacterium formicicum	536.0	470.0	192.0	548.0	514.0	166.0	584.0	598.0	202.0	1.0
sfu:Sfum_1673	Syntrophobacter fumaroxidans	88.0	88.0	34.0	84.0	82.0	34.0	116.0	106.0	32.0	1.0
mfc:BRM9_1321,mfi:DSM1535_2006	Methanobacterium formicicum	94.0	82.0	22.0	106.0	86.0	24.0	68.0	96.0	14.0	1.0
sfu:Sfum_3911	Deltaproteobacteria bacterium	468.0	374.0	108.0	420.0	360.0	116.0	402.0	408.0	158.0	1.0
mfc:BRM9_2105,mfi:DSM1535_1576	Methanobacterium formicicum	234.0	228.0	88.0	194.0	214.0	70.0	236.0	238.0	60.0	1.0
sfu:Sfum_0446	Syntrophobacter fumaroxidans	70.0	92.0	26.0	52.0	72.0	22.0	84.0	86.0	28.0	1.0
mfi:DSM1535_2252	Methanobacterium formicicum	306.0	378.0	94.0	340.0	318.0	126.0	358.0	332.0	110.0	1.0
sfu:Sfum_2627	Syntrophobacter fumaroxidans	84.0	68.0	32.0	70.0	68.0	32.0	76.0	74.0	20.0	1.0
ppd:Ppro_0105	Pelobacter propionicus	52.0	62.0	30.0	44.0	66.0	12.0	68.0	58.0	36.0	1.0
mfi:DSM1535_0205	Methanobacterium formicicum	692.0	668.0	264.0	744.0	718.0	234.0	734.0	680.0	242.0	1.0
sfu:Sfum_0394	Syntrophobacter fumaroxidans	34.0	38.0	20.0	42.0	36.0	12.0	22.0	42.0	8.0	1.0
ppd:Ppro_1522	Pelobacter propionicus	136.0	114.0	44.0	128.0	138.0	52.0	140.0	136.0	64.0	1.0
mfi:DSM1535_0265	Methanobacterium formicicum	82.0	122.0	40.0	104.0	92.0	22.0	96.0	86.0	34.0	1.0
mfi:DSM1535_1836	Methanobacterium formicicum	1332.0	1320.0	416.0	1280.0	1348.0	398.0	1314.0	1298.0	444.0	1.0
ppd:Ppro_0040	Pelobacter propionicus	50.0	40.0	16.0	62.0	44.0	14.0	54.0	38.0	8.0	1.0
sfu:Sfum_0829	Syntrophobacter fumaroxidans	120.0	126.0	32.0	152.0	122.0	40.0	136.0	128.0	48.0	1.0
sfu:Sfum_1775	Syntrophobacter fumaroxidans	76.0	68.0	26.0	76.0	72.0	28.0	90.0	84.0	20.0	1.0
sfu:Sfum_2130	Syntrophobacter fumaroxidans	150.0	158.0	58.0	126.0	168.0	48.0	154.0	160.0	42.0	1.0
sfu:Sfum_0127	Syntrophobacter fumaroxidans	178.0	148.0	72.0	134.0	154.0	44.0	160.0	186.0	66.0	1.0
mfi:DSM1535_1035	Methanobacterium formicicum	258.0	298.0	84.0	282.0	286.0	96.0	286.0	272.0	88.0	1.0
mfi:DSM1535_2248	Methanobacterium formicicum	296.0	368.0	100.0	324.0	330.0	104.0	306.0	334.0	102.0	1.0
mfi:DSM1535_0443	Methanobacterium formicicum	410.0	422.0	144.0	414.0	418.0	106.0	336.0	430.0	134.0	1.0
mfi:DSM1535_1157	Methanobacterium formicicum	244.0	222.0	76.0	252.0	242.0	76.0	266.0	234.0	50.0	1.0
sfu:Sfum_1268	Syntrophobacter fumaroxidans	50.0	54.0	20.0	46.0	58.0	20.0	62.0	50.0	26.0	1.0
sfu:Sfum_4081	Syntrophobacter fumaroxidans	96.0	84.0	44.0	98.0	104.0	40.0	88.0	84.0	22.0	1.0
mfi:DSM1535_1777	Methanobacterium formicicum	932.0	792.0	278.0	898.0	808.0	276.0	798.0	862.0	234.0	1.0
sfu:Sfum_1467	Syntrophobacter fumaroxidans	106.0	68.0	18.0	64.0	66.0	20.0	76.0	58.0	26.0	1.0
sfu:Sfum_1646	Syntrophobacter fumaroxidans	20.0	38.0	4.0	24.0	30.0	12.0	28.0	36.0	8.0	1.0
sfu:Sfum_3271	Syntrophobacter fumaroxidans	316.0	300.0	128.0	282.0	252.0	80.0	260.0	276.0	118.0	1.0
mfc:BRM9_0486,mfi:DSM1535_0467	Methanobacterium formicicum	348.0	298.0	102.0	308.0	332.0	102.0	308.0	306.0	118.0	1.0
sfu:Sfum_0936	Syntrophobacter fumaroxidans	98.0	144.0	44.0	116.0	104.0	62.0	128.0	118.0	34.0	1.0
sfu:Sfum_1482	Syntrophobacter fumaroxidans	108.0	134.0	32.0	92.0	110.0	40.0	94.0	118.0	46.0	1.0
sfu:Sfum_2500	Syntrophobacter fumaroxidans	104.0	84.0	26.0	80.0	76.0	36.0	78.0	70.0	30.0	1.0
sfu:Sfum_0302	Syntrophobacter fumaroxidans	38.0	30.0	16.0	36.0	40.0	12.0	50.0	26.0	8.0	1.0
sfu:Sfum_0316	Syntrophobacter fumaroxidans	164.0	142.0	38.0	140.0	168.0	58.0	162.0	136.0	40.0	1.0
sfu:Sfum_2639	Syntrophobacter fumaroxidans	280.0	290.0	122.0	292.0	346.0	92.0	260.0	274.0	64.0	1.0
mfi:DSM1535_1645	Methanobacterium formicicum	356.0	362.0	126.0	374.0	332.0	96.0	390.0	362.0	124.0	1.0
sfu:Sfum_3791	Syntrophobacter fumaroxidans	168.0	190.0	54.0	154.0	162.0	64.0	164.0	174.0	68.0	1.0
mfc:BRM9_2206,mfi:DSM1535_1136	Methanobacterium formicicum	420.0	484.0	174.0	464.0	508.0	164.0	510.0	470.0	152.0	1.0
mfi:DSM1535_1886	Methanobacterium formicicum	298.0	254.0	56.0	240.0	222.0	76.0	226.0	240.0	66.0	1.0
sfu:Sfum_3084	Syntrophobacter fumaroxidans	70.0	94.0	28.0	94.0	64.0	20.0	74.0	74.0	18.0	1.0
sfu:Sfum_0449	Syntrophobacter fumaroxidans	118.0	122.0	38.0	114.0	128.0	32.0	156.0	142.0	34.0	1.0
mfi:DSM1535_0745	Methanobacterium formicicum	328.0	304.0	90.0	300.0	300.0	96.0	274.0	288.0	98.0	1.0
sfu:Sfum_2652	Syntrophobacter fumaroxidans	46.0	26.0	12.0	28.0	38.0	18.0	30.0	28.0	8.0	1.0
mfc:BRM9_2088,mfi:DSM1535_1593	Methanobacterium formicicum	348.0	298.0	88.0	298.0	318.0	78.0	348.0	362.0	92.0	1.0
mfi:DSM1535_0616	Methanobacterium formicicum	250.0	258.0	70.0	240.0	262.0	94.0	298.0	266.0	98.0	1.0
sfu:Sfum_1955	Syntrophobacter fumaroxidans	144.0	162.0	60.0	198.0	140.0	52.0	156.0	156.0	56.0	1.0
sfu:Sfum_2169	Syntrophobacter fumaroxidans	74.0	46.0	28.0	50.0	60.0	26.0	62.0	54.0	22.0	1.0
sfu:Sfum_2007	Syntrophobacter fumaroxidans	98.0	78.0	30.0	88.0	72.0	36.0	74.0	100.0	28.0	1.0
mfc:BRM9_0415,mfi:DSM1535_0342	Methanobacterium formicicum	196.0	160.0	54.0	164.0	174.0	74.0	214.0	190.0	58.0	1.0
sfu:Sfum_1520	Syntrophobacter fumaroxidans	28.0	34.0	10.0	28.0	36.0	16.0	28.0	36.0	8.0	1.0
mfc:BRM9_1985,mfi:DSM1535_0177	Methanobacterium formicicum	460.0	382.0	136.0	414.0	392.0	136.0	464.0	394.0	140.0	1.0
mfi:DSM1535_1708	Methanobacterium formicicum	158.0	174.0	44.0	154.0	130.0	40.0	132.0	142.0	52.0	1.0
sfu:Sfum_3577	Syntrophobacter fumaroxidans	118.0	96.0	34.0	88.0	98.0	32.0	112.0	96.0	48.0	1.0
mfi:DSM1535_0423	Methanobacterium formicicum	320.0	228.0	88.0	288.0	302.0	76.0	298.0	260.0	94.0	1.0
mfc:BRM9_1885,mfi:DSM1535_0067	Methanobacterium formicicum	332.0	302.0	120.0	294.0	278.0	96.0	280.0	276.0	94.0	1.0
sfu:Sfum_3388	Syntrophobacter fumaroxidans	70.0	56.0	18.0	60.0	40.0	22.0	72.0	56.0	18.0	1.0
mfi:DSM1535_1989	Methanobacterium formicicum	460.0	464.0	126.0	462.0	382.0	154.0	444.0	392.0	156.0	1.0
sfu:Sfum_2890	Syntrophobacter fumaroxidans	86.0	78.0	28.0	60.0	90.0	24.0	68.0	106.0	40.0	1.0
sfu:Sfum_2607	Syntrophobacter fumaroxidans	56.0	52.0	14.0	50.0	60.0	18.0	44.0	52.0	32.0	1.0
mfi:DSM1535_2126	Methanobacterium formicicum	152.0	150.0	52.0	170.0	156.0	66.0	146.0	168.0	66.0	1.0
sfu:Sfum_0333	Syntrophobacter fumaroxidans	34.0	44.0	8.0	38.0	32.0	20.0	24.0	24.0	6.0	1.0
mfi:DSM1535_0490	Methanobacterium formicicum	370.0	338.0	138.0	408.0	328.0	90.0	348.0	344.0	104.0	1.0
sfu:Sfum_0457	Syntrophobacter fumaroxidans	58.0	38.0	16.0	34.0	30.0	32.0	46.0	38.0	14.0	1.0
sfu:Sfum_0857	Syntrophobacter fumaroxidans	102.0	72.0	18.0	98.0	80.0	32.0	72.0	100.0	32.0	1.0
sfu:Sfum_0815	Syntrophobacter fumaroxidans	102.0	96.0	32.0	106.0	70.0	14.0	94.0	98.0	24.0	1.0
sfu:Sfum_2493	Syntrophobacter fumaroxidans	240.0	242.0	96.0	278.0	254.0	78.0	298.0	260.0	78.0	1.0
mfc:BRM9_0373,mfi:DSM1535_0300	Methanobacterium formicicum	276.0	282.0	108.0	272.0	292.0	100.0	324.0	270.0	94.0	1.0
sfu:Sfum_2324	Syntrophobacter fumaroxidans	164.0	168.0	60.0	190.0	162.0	48.0	140.0	154.0	74.0	1.0
mfc:BRM9_0168,mfi:DSM1535_1486	Methanobacterium formicicum	774.0	686.0	216.0	700.0	712.0	262.0	730.0	742.0	260.0	1.0
mfi:DSM1535_1839	Methanobacterium formicicum	140.0	164.0	44.0	130.0	136.0	32.0	146.0	130.0	56.0	1.0
dax:FDQ92_01990	Deltaproteobacteria bacterium	24.0	26.0	12.0	26.0	18.0	16.0	42.0	28.0	2.0	1.0
sfu:Sfum_3175	Syntrophobacter fumaroxidans	332.0	348.0	104.0	314.0	310.0	68.0	284.0	354.0	108.0	1.0
sfu:Sfum_4020	Syntrophobacter fumaroxidans	120.0	126.0	38.0	130.0	122.0	30.0	158.0	94.0	42.0	1.0
mfi:DSM1535_2191	Methanobacterium formicicum	262.0	228.0	68.0	222.0	208.0	64.0	226.0	262.0	82.0	1.0
mfi:DSM1535_2384	Methanobacterium formicicum	184.0	166.0	66.0	194.0	148.0	40.0	156.0	160.0	46.0	1.0
mfc:BRM9_2142,mfi:DSM1535_1539	Methanobacterium formicicum	100.0	84.0	32.0	108.0	128.0	38.0	108.0	108.0	40.0	1.0
sfu:Sfum_1287	Syntrophobacter fumaroxidans	142.0	134.0	58.0	202.0	130.0	54.0	136.0	152.0	38.0	1.0
sfu:Sfum_0312	Syntrophobacter fumaroxidans	110.0	112.0	38.0	110.0	118.0	30.0	96.0	120.0	40.0	1.0
mfi:DSM1535_1743	Methanobacterium formicicum	162.0	150.0	50.0	136.0	160.0	60.0	166.0	158.0	50.0	1.0
sfu:Sfum_2688	Syntrophobacter fumaroxidans	126.0	156.0	38.0	104.0	144.0	70.0	126.0	142.0	48.0	1.0
sfu:Sfum_4084	Syntrophobacter fumaroxidans	168.0	136.0	46.0	130.0	148.0	58.0	110.0	142.0	62.0	1.0
mfc:BRM9_0223,mfi:DSM1535_1082	Methanobacterium formicicum	104.0	98.0	30.0	100.0	136.0	26.0	112.0	108.0	22.0	1.0
sfu:Sfum_0361	Syntrophobacter fumaroxidans	134.0	136.0	28.0	114.0	124.0	52.0	116.0	134.0	22.0	1.0
sfu:Sfum_3844	Syntrophobacter fumaroxidans	20.0	18.0	14.0	28.0	24.0	4.0	30.0	26.0	8.0	1.0
sfu:Sfum_3929	Syntrophobacter fumaroxidans	108.0	130.0	28.0	110.0	90.0	46.0	142.0	132.0	54.0	1.0
mfi:DSM1535_2131	Methanobacterium formicicum	72.0	64.0	14.0	58.0	62.0	18.0	58.0	48.0	18.0	1.0
mfc:BRM9_0416,mfi:DSM1535_0343	Methanobacterium formicicum	128.0	130.0	32.0	118.0	120.0	40.0	106.0	108.0	38.0	1.0
sfu:Sfum_3190	Syntrophobacter fumaroxidans	196.0	218.0	90.0	208.0	198.0	72.0	226.0	180.0	92.0	1.0
mfi:DSM1535_0888	Methanobacterium formicicum	240.0	212.0	60.0	212.0	250.0	82.0	218.0	238.0	72.0	1.0
mfi:DSM1535_1084	Methanobacterium formicicum	256.0	218.0	82.0	280.0	260.0	86.0	250.0	272.0	98.0	1.0
sfu:Sfum_0005	Syntrophobacter fumaroxidans	216.0	194.0	70.0	208.0	224.0	78.0	224.0	206.0	70.0	1.0
sfu:Sfum_3502	Syntrophobacter fumaroxidans	58.0	68.0	20.0	88.0	82.0	10.0	56.0	80.0	24.0	1.0
mfi:DSM1535_2071	Methanobacterium formicicum	576.0	460.0	162.0	530.0	482.0	174.0	550.0	542.0	156.0	1.0
gsu:GSU0732	Geobacter sulfurreducens	60.0	42.0	18.0	60.0	48.0	20.0	52.0	60.0	16.0	1.0
sfu:Sfum_0332	Syntrophobacter fumaroxidans	62.0	76.0	16.0	64.0	54.0	18.0	76.0	50.0	18.0	1.0
sfu:Sfum_3863	Syntrophobacter fumaroxidans	114.0	114.0	44.0	138.0	126.0	48.0	126.0	96.0	46.0	1.0
sfu:Sfum_2349	Syntrophobacter fumaroxidans	250.0	222.0	52.0	228.0	250.0	72.0	232.0	236.0	74.0	1.0
dax:FDQ92_01820	Deltaproteobacteria bacterium	52.0	50.0	10.0	44.0	42.0	24.0	46.0	42.0	18.0	1.0
sfu:Sfum_2747	Syntrophobacter fumaroxidans	146.0	176.0	46.0	148.0	112.0	36.0	118.0	112.0	38.0	1.0
sfu:Sfum_1614	Syntrophobacter fumaroxidans	174.0	120.0	56.0	120.0	172.0	52.0	136.0	134.0	42.0	1.0
sfu:Sfum_3401	Syntrophobacter fumaroxidans	122.0	128.0	38.0	116.0	112.0	40.0	118.0	122.0	50.0	1.0
mfi:DSM1535_0503	Methanobacterium formicicum	232.0	262.0	90.0	288.0	272.0	96.0	224.0	256.0	98.0	1.0
ppd:Ppro_0661	Geobacter sulfurreducens	70.0	66.0	18.0	58.0	58.0	16.0	76.0	48.0	26.0	1.0
sfu:Sfum_0931	Syntrophobacter fumaroxidans	140.0	126.0	50.0	172.0	112.0	42.0	134.0	178.0	40.0	1.0
mfi:DSM1535_1278	Methanobacterium formicicum	220.0	192.0	72.0	224.0	234.0	80.0	222.0	220.0	66.0	1.0
dax:FDQ92_07695	Deltaproteobacteria bacterium	34.0	42.0	14.0	50.0	32.0	18.0	34.0	32.0	6.0	1.0
ppd:Ppro_0464	Pelobacter propionicus	30.0	20.0	6.0	30.0	28.0	6.0	40.0	24.0	12.0	1.0
mfc:BRM9_0387,mfi:DSM1535_0315	Methanobacterium formicicum	216.0	210.0	64.0	204.0	236.0	48.0	230.0	206.0	90.0	1.0
sfu:Sfum_2771	Deltaproteobacteria bacterium	74.0	48.0	24.0	72.0	68.0	24.0	66.0	54.0	18.0	1.0
ppd:Ppro_0321	Pelobacter propionicus	172.0	174.0	40.0	208.0	182.0	76.0	208.0	160.0	64.0	1.0
sfu:Sfum_2161	Syntrophobacter fumaroxidans	68.0	84.0	36.0	114.0	96.0	36.0	76.0	72.0	18.0	1.0
mfc:BRM9_0082,mfi:DSM1535_1399	Methanobacterium formicicum	64.0	54.0	20.0	78.0	62.0	22.0	44.0	46.0	28.0	1.0
mfc:BRM9_0385,mfi:DSM1535_0313	Methanobacterium formicicum	162.0	172.0	64.0	160.0	176.0	48.0	172.0	160.0	56.0	1.0
sfu:Sfum_3200	Syntrophobacter fumaroxidans	150.0	148.0	58.0	176.0	198.0	46.0	194.0	188.0	82.0	1.0
sfu:Sfum_0052	Syntrophobacter fumaroxidans	38.0	24.0	16.0	30.0	36.0	6.0	36.0	34.0	12.0	1.0
dax:FDQ92_10470	Deltaproteobacteria bacterium	96.0	86.0	28.0	84.0	94.0	32.0	118.0	86.0	24.0	1.0
sfu:Sfum_0022	Syntrophobacter fumaroxidans	28.0	34.0	14.0	40.0	40.0	10.0	46.0	50.0	6.0	1.0
sfu:Sfum_1524	Syntrophobacter fumaroxidans	32.0	26.0	6.0	26.0	48.0	0.0	38.0	12.0	8.0	1.0
mfi:DSM1535_1631	Methanobacterium formicicum	0.0	162.0	6162.0	0.0	200.0	6218.0	0.0	188.0	6274.0	1.0
mfi:DSM1535_1848	Methanobacterium formicicum	448.0	520.0	146.0	522.0	464.0	150.0	514.0	444.0	162.0	1.0
sfu:Sfum_2841	Syntrophobacter fumaroxidans	50.0	36.0	18.0	64.0	48.0	10.0	32.0	40.0	14.0	1.0
sfu:Sfum_1092	Syntrophobacter fumaroxidans	144.0	144.0	44.0	138.0	140.0	44.0	146.0	138.0	46.0	1.0
sfu:Sfum_4086	Syntrophobacter fumaroxidans	88.0	80.0	32.0	88.0	94.0	30.0	90.0	96.0	20.0	1.0
sfu:Sfum_3810	Syntrophobacter fumaroxidans	54.0	50.0	24.0	70.0	54.0	16.0	54.0	44.0	12.0	1.0
mfc:BRM9_0448,mfi:DSM1535_0377	Methanobacterium formicicum	406.0	458.0	128.0	466.0	434.0	150.0	414.0	450.0	162.0	1.0
mfi:DSM1535_0066	Methanobacterium formicicum	730.0	722.0	212.0	746.0	612.0	232.0	746.0	704.0	234.0	1.0
sfu:Sfum_2532	Syntrophobacter fumaroxidans	192.0	156.0	70.0	210.0	160.0	42.0	196.0	200.0	44.0	1.0
sfu:Sfum_0233	Syntrophobacter fumaroxidans	40.0	36.0	10.0	28.0	48.0	12.0	34.0	34.0	10.0	1.0
mfc:BRM9_0175,mfi:DSM1535_1493	Methanobacterium formicicum	86.0	104.0	18.0	78.0	90.0	32.0	88.0	78.0	30.0	1.0
mfc:BRM9_1398,mfi:DSM1535_2097	Methanobacterium formicicum	44.0	54.0	20.0	48.0	58.0	26.0	58.0	70.0	12.0	1.0
mfc:BRM9_0695,mfi:DSM1535_0649	Methanobacterium formicicum	528.0	466.0	148.0	514.0	452.0	148.0	500.0	482.0	166.0	1.0
mfi:DSM1535_0545	Methanobacterium formicicum	504.0	576.0	168.0	490.0	512.0	182.0	504.0	518.0	160.0	1.0
sfu:Sfum_2543	Syntrophobacter fumaroxidans	24.0	26.0	8.0	30.0	14.0	10.0	34.0	30.0	12.0	1.0
dax:FDQ92_05430	Deltaproteobacteria bacterium	50.0	98.0	18.0	76.0	68.0	26.0	60.0	78.0	22.0	1.0
mfi:DSM1535_1131	Methanobacterium formicicum	386.0	340.0	122.0	374.0	324.0	120.0	320.0	372.0	118.0	1.0
sfu:Sfum_1142	Syntrophobacter fumaroxidans	52.0	76.0	16.0	52.0	66.0	22.0	66.0	58.0	14.0	1.0
mfc:BRM9_1890,mfi:DSM1535_0072	Methanobacterium formicicum	322.0	286.0	124.0	286.0	290.0	118.0	282.0	286.0	94.0	1.0
sfu:Sfum_2685	Syntrophobacter fumaroxidans	202.0	184.0	64.0	184.0	214.0	64.0	178.0	174.0	68.0	1.0
mfc:BRM9_1449,mfi:DSM1535_2140	Methanobacterium formicicum	112.0	138.0	52.0	134.0	150.0	44.0	130.0	112.0	34.0	1.0
sfu:Sfum_2498	Syntrophobacter fumaroxidans	134.0	120.0	36.0	150.0	164.0	40.0	142.0	144.0	46.0	1.0
mfi:DSM1535_0363	Methanobacterium formicicum	282.0	274.0	98.0	302.0	286.0	78.0	286.0	276.0	84.0	1.0
mfi:DSM1535_0680	Methanobacterium formicicum	272.0	220.0	98.0	288.0	282.0	104.0	320.0	266.0	76.0	1.0
mfc:BRM9_1246,mfi:DSM1535_1928	Methanobacterium formicicum	198.0	148.0	68.0	158.0	166.0	52.0	174.0	148.0	50.0	1.0
mfi:DSM1535_2345	Methanobacterium formicicum	226.0	254.0	88.0	290.0	266.0	98.0	290.0	262.0	82.0	1.0
sfu:Sfum_0350	Syntrophobacter fumaroxidans	64.0	76.0	18.0	70.0	86.0	22.0	60.0	56.0	16.0	1.0
sfu:Sfum_0242	Syntrophobacter fumaroxidans	204.0	190.0	42.0	140.0	166.0	48.0	188.0	164.0	50.0	1.0
mfi:DSM1535_1926	Methanobacterium formicicum	562.0	452.0	172.0	462.0	504.0	166.0	484.0	506.0	182.0	1.0
mfi:DSM1535_0996	Methanobacterium formicicum	142.0	164.0	88.0	146.0	156.0	48.0	158.0	152.0	34.0	1.0
mfc:BRM9_0739,mfi:DSM1535_0693	Methanobacterium formicicum	106.0	106.0	26.0	82.0	98.0	32.0	130.0	124.0	38.0	1.0
sfu:Sfum_3840	Syntrophobacter fumaroxidans	117.0	133.0	49.0	145.0	104.0	36.0	118.0	154.0	35.0	1.0
mfi:DSM1535_1402	Methanobacterium formicicum	532.0	456.0	166.0	452.0	538.0	142.0	464.0	472.0	134.0	1.0
mfi:DSM1535_1250	Methanobacterium formicicum	184.0	190.0	76.0	220.0	182.0	60.0	196.0	190.0	62.0	1.0
mfc:BRM9_1501,mfi:DSM1535_2195	Methanobacterium formicicum	550.0	554.0	176.0	516.0	560.0	168.0	570.0	544.0	178.0	1.0
ppd:Ppro_0370	Pelobacter propionicus	52.0	40.0	18.0	40.0	28.0	14.0	48.0	38.0	22.0	1.0
sfu:Sfum_4059	Syntrophobacter fumaroxidans	212.0	176.0	70.0	194.0	204.0	78.0	194.0	188.0	64.0	1.0
mfc:BRM9_0181,mfi:DSM1535_1499	Methanobacterium formicicum	96.0	90.0	38.0	104.0	90.0	42.0	138.0	124.0	36.0	1.0
sfu:Sfum_3496	Syntrophobacter fumaroxidans	118.0	130.0	64.0	174.0	124.0	42.0	154.0	128.0	44.0	1.0
dax:FDQ92_10885	Deltaproteobacteria bacterium	14.0	24.0	4.0	28.0	22.0	10.0	28.0	24.0	6.0	1.0
sfu:Sfum_1635	Syntrophobacter fumaroxidans	50.0	30.0	20.0	48.0	28.0	20.0	30.0	30.0	4.0	1.0
mfi:DSM1535_2350	Methanobacterium formicicum	48.0	40.0	10.0	50.0	28.0	4.0	34.0	42.0	8.0	1.0
sfu:Sfum_1528	Syntrophobacter fumaroxidans	124.0	92.0	38.0	136.0	98.0	40.0	100.0	114.0	26.0	1.0
sfu:Sfum_2628	Syntrophobacter fumaroxidans	144.0	178.0	36.0	170.0	148.0	46.0	158.0	142.0	58.0	1.0
mfc:BRM9_1589,mfi:DSM1535_2283	Methanobacterium formicicum	264.0	252.0	98.0	280.0	246.0	116.0	312.0	262.0	68.0	1.0
sfu:Sfum_1652	Syntrophobacter fumaroxidans	120.0	114.0	26.0	104.0	144.0	46.0	146.0	120.0	58.0	1.0
ppd:Ppro_0492	Pelobacter propionicus	72.0	60.0	26.0	88.0	64.0	24.0	70.0	84.0	32.0	1.0
sfu:Sfum_2308	Syntrophobacter fumaroxidans	118.0	92.0	28.0	102.0	118.0	46.0	116.0	114.0	50.0	1.0
ppd:Ppro_0374	Pelobacter propionicus	52.0	58.0	20.0	52.0	48.0	6.0	66.0	54.0	4.0	1.0
sfu:Sfum_3366	Syntrophobacter fumaroxidans	126.0	166.0	50.0	152.0	138.0	54.0	144.0	118.0	60.0	1.0
sfu:Sfum_0246	Syntrophobacter fumaroxidans	150.0	144.0	38.0	142.0	152.0	60.0	126.0	144.0	62.0	1.0
sfu:Sfum_3224	Syntrophobacter fumaroxidans	20.0	28.0	10.0	24.0	34.0	4.0	26.0	22.0	0.0	1.0
sfu:Sfum_3520	Syntrophobacter fumaroxidans	94.0	86.0	26.0	78.0	94.0	42.0	92.0	124.0	34.0	1.0
sfu:Sfum_2867	Syntrophobacter fumaroxidans	182.0	212.0	88.0	192.0	228.0	58.0	232.0	220.0	88.0	1.0
mfi:DSM1535_0339	Methanobacterium formicicum	474.0	500.0	158.0	516.0	498.0	154.0	440.0	442.0	162.0	1.0
sfu:Sfum_3751	Geobacter sulfurreducens	132.0	148.0	38.0	122.0	126.0	64.0	120.0	150.0	50.0	1.0
mfi:DSM1535_2161	Methanobacterium formicicum	416.0	370.0	130.0	404.0	380.0	116.0	356.0	342.0	112.0	1.0
mfi:DSM1535_0530	Methanobacterium formicicum	476.0	402.0	152.0	438.0	400.0	138.0	458.0	442.0	114.0	1.0
sfu:Sfum_3667	Syntrophobacter fumaroxidans	78.0	82.0	28.0	78.0	86.0	24.0	74.0	68.0	22.0	1.0
mfc:BRM9_1108,mfi:DSM1535_1762	Methanobacterium formicicum	150.0	152.0	44.0	138.0	144.0	60.0	144.0	108.0	30.0	1.0
sfu:Sfum_0506	Syntrophobacter fumaroxidans	34.0	24.0	16.0	32.0	24.0	16.0	26.0	36.0	10.0	1.0
sfu:Sfum_0826	Syntrophobacter fumaroxidans	218.0	200.0	62.0	188.0	172.0	60.0	138.0	184.0	58.0	1.0
sfu:Sfum_1411	Syntrophobacter fumaroxidans	182.0	190.0	60.0	206.0	200.0	56.0	198.0	218.0	46.0	1.0
sfu:Sfum_3657	Syntrophobacter fumaroxidans	164.0	144.0	40.0	152.0	126.0	40.0	138.0	148.0	38.0	1.0
sfu:Sfum_3919	Syntrophobacter fumaroxidans	124.0	106.0	42.0	122.0	124.0	18.0	102.0	130.0	46.0	1.0
sfu:Sfum_2069	Syntrophobacter fumaroxidans	190.0	176.0	48.0	212.0	188.0	62.0	168.0	148.0	50.0	1.0
sfu:Sfum_3322	Syntrophobacter fumaroxidans	138.0	152.0	44.0	158.0	130.0	44.0	150.0	162.0	44.0	1.0
sfu:Sfum_2120	Syntrophobacter fumaroxidans	72.0	66.0	20.0	52.0	70.0	32.0	70.0	58.0	14.0	1.0
gsu:GSU0743	Geobacter sulfurreducens	98.0	88.0	30.0	102.0	128.0	36.0	116.0	84.0	32.0	1.0
sfu:Sfum_3171	Syntrophobacter fumaroxidans	98.0	88.0	38.0	76.0	104.0	32.0	108.0	82.0	20.0	1.0
sfu:Sfum_0340	Syntrophobacter fumaroxidans	52.0	56.0	8.0	58.0	72.0	18.0	64.0	54.0	24.0	1.0
mfi:DSM1535_0251	Methanobacterium formicicum	630.0	666.0	210.0	640.0	614.0	186.0	648.0	580.0	182.0	1.0
mfc:BRM9_1595,mfi:DSM1535_2289	Methanobacterium formicicum	36.0	50.0	20.0	74.0	60.0	28.0	46.0	50.0	20.0	1.0
sfu:Sfum_1249	Syntrophobacter fumaroxidans	134.0	132.0	48.0	104.0	118.0	42.0	124.0	116.0	32.0	1.0
sfu:Sfum_3335	Syntrophobacter fumaroxidans	106.0	124.0	40.0	114.0	100.0	48.0	142.0	96.0	38.0	1.0
mfi:DSM1535_2265	Methanobacterium formicicum	278.0	208.0	112.0	236.0	222.0	80.0	216.0	252.0	70.0	1.0
sfu:Sfum_1787	Syntrophobacter fumaroxidans	94.0	86.0	42.0	84.0	76.0	18.0	92.0	82.0	28.0	1.0
mfi:DSM1535_2075	Methanobacterium formicicum	434.0	434.0	172.0	492.0	468.0	142.0	464.0	428.0	156.0	1.0
mfi:DSM1535_0911	Methanobacterium formicicum	540.0	430.0	148.0	472.0	440.0	138.0	472.0	468.0	140.0	1.0
sfu:Sfum_2155	Syntrophobacter fumaroxidans	28.0	34.0	26.0	56.0	34.0	16.0	54.0	46.0	14.0	1.0
dax:FDQ92_01920	Deltaproteobacteria bacterium	52.0	40.0	18.0	56.0	60.0	14.0	56.0	46.0	20.0	1.0
mfc:BRM9_0567,mfi:DSM1535_0548	Methanobacterium formicicum	196.0	176.0	88.0	190.0	190.0	60.0	234.0	180.0	86.0	1.0
sfu:Sfum_1091	Syntrophobacter fumaroxidans	542.0	522.0	150.0	550.0	460.0	178.0	582.0	496.0	152.0	1.0
sfu:Sfum_0952	Syntrophobacter fumaroxidans	202.0	170.0	48.0	165.0	187.0	58.0	173.0	191.0	50.0	1.0
mfi:DSM1535_2030	Methanobacterium formicicum	6.0	390.0	13112.0	2.0	426.0	13104.0	0.0	396.0	13256.0	1.0
sfu:Sfum_2863	Syntrophobacter fumaroxidans	50.0	52.0	22.0	78.0	40.0	30.0	56.0	44.0	14.0	1.0
sfu:Sfum_1901	Syntrophobacter fumaroxidans	68.0	60.0	18.0	40.0	74.0	22.0	66.0	46.0	16.0	1.0
sfu:Sfum_1276	Syntrophobacter fumaroxidans	140.0	92.0	20.0	120.0	98.0	58.0	104.0	104.0	46.0	1.0
mfi:DSM1535_0097	Methanobacterium formicicum	304.0	244.0	110.0	264.0	272.0	114.0	324.0	274.0	104.0	1.0
sfu:Sfum_2148	Syntrophobacter fumaroxidans	52.0	54.0	18.0	70.0	72.0	18.0	54.0	78.0	16.0	1.0
sfu:Sfum_2021	Syntrophobacter fumaroxidans	62.0	58.0	14.0	56.0	54.0	20.0	40.0	58.0	10.0	1.0
sfu:Sfum_1409	Syntrophobacter fumaroxidans	28.0	24.0	6.0	38.0	26.0	14.0	22.0	26.0	6.0	1.0
mfi:DSM1535_0104	Methanobacterium formicicum	210.0	250.0	78.0	252.0	230.0	74.0	208.0	214.0	78.0	1.0
mfc:BRM9_1618,mfi:DSM1535_2313	Methanobacterium formicicum	116.0	110.0	32.0	98.0	104.0	32.0	126.0	94.0	8.0	1.0
sfu:Sfum_2762	Syntrophobacter fumaroxidans	66.0	68.0	22.0	58.0	70.0	24.0	74.0	62.0	22.0	1.0
mfi:DSM1535_0858	Methanobacterium formicicum	456.0	428.0	134.0	420.0	382.0	146.0	448.0	384.0	122.0	1.0
mfc:BRM9_0521,mfi:DSM1535_0501	Methanobacterium formicicum	124.0	114.0	38.0	114.0	98.0	34.0	116.0	104.0	16.0	1.0
mfi:DSM1535_0433	Methanobacterium formicicum	378.0	424.0	110.0	382.0	362.0	110.0	350.0	402.0	108.0	1.0
sfu:Sfum_2270	Syntrophobacter fumaroxidans	30.0	32.0	12.0	32.0	28.0	6.0	32.0	42.0	10.0	1.0
sfu:Sfum_2568	Syntrophobacter fumaroxidans	28.0	40.0	4.0	46.0	30.0	6.0	30.0	30.0	2.0	1.0
mfi:DSM1535_0651	Methanobacterium formicicum	638.0	622.0	206.0	742.0	660.0	196.0	664.0	654.0	234.0	1.0
mfi:DSM1535_1088	Methanobacterium formicicum	206.0	192.0	72.0	204.0	204.0	46.0	240.0	202.0	76.0	1.0
mfi:DSM1535_0688	Methanobacterium formicicum	142.0	140.0	26.0	126.0	126.0	40.0	128.0	148.0	38.0	1.0
mfi:DSM1535_1601	Methanobacterium formicicum	334.0	360.0	112.0	382.0	360.0	132.0	392.0	408.0	140.0	1.0
sfu:Sfum_1857	Syntrophobacter fumaroxidans	62.0	76.0	18.0	74.0	94.0	24.0	62.0	72.0	26.0	1.0
sfu:Sfum_1518	Syntrophobacter fumaroxidans	36.0	34.0	20.0	54.0	54.0	14.0	48.0	44.0	20.0	1.0
mfc:BRM9_0927,mfi:DSM1535_0897	Methanobacterium formicicum	358.0	356.0	108.0	302.0	278.0	94.0	334.0	296.0	88.0	1.0
mfi:DSM1535_0120	Methanobacterium formicicum	422.0	422.0	140.0	428.0	388.0	142.0	378.0	456.0	102.0	1.0
sfu:Sfum_1403	Syntrophobacter fumaroxidans	156.0	142.0	78.0	146.0	172.0	56.0	156.0	170.0	52.0	1.0
sfu:Sfum_2711	Syntrophobacter fumaroxidans	44.0	40.0	14.0	40.0	46.0	12.0	30.0	38.0	22.0	1.0
mfi:DSM1535_1840	Methanobacterium formicicum	1128.0	1172.0	362.0	1038.0	1148.0	374.0	1214.0	1116.0	338.0	1.0
sfu:Sfum_1408	Syntrophobacter fumaroxidans	44.0	52.0	12.0	32.0	30.0	12.0	32.0	52.0	10.0	1.0
sfu:Sfum_0009	Syntrophobacter fumaroxidans	152.0	146.0	46.0	180.0	174.0	62.0	140.0	98.0	26.0	1.0
mfc:BRM9_1875,mfi:DSM1535_0058	Methanobacterium formicicum	400.0	358.0	120.0	404.0	414.0	124.0	416.0	412.0	128.0	1.0
mfc:BRM9_1489,mfi:DSM1535_2181	Methanobacterium formicicum	92.0	84.0	36.0	130.0	92.0	34.0	134.0	116.0	30.0	1.0
sfu:Sfum_1437	Syntrophobacter fumaroxidans	30.0	36.0	20.0	38.0	34.0	8.0	48.0	30.0	14.0	1.0
sfu:Sfum_0438	Syntrophobacter fumaroxidans	146.0	150.0	42.0	142.0	132.0	42.0	150.0	124.0	44.0	1.0
sfu:Sfum_3961	Syntrophobacter fumaroxidans	118.0	114.0	38.0	128.0	126.0	44.0	106.0	86.0	38.0	1.0
sfu:Sfum_2229	Syntrophobacter fumaroxidans	210.0	184.0	46.0	220.0	204.0	68.0	232.0	180.0	62.0	1.0
mfi:DSM1535_0629	Methanobacterium formicicum	258.0	280.0	74.0	272.0	256.0	86.0	268.0	306.0	100.0	1.0
mfi:DSM1535_1382	Methanobacterium formicicum	196.0	218.0	84.0	234.0	188.0	68.0	260.0	230.0	58.0	1.0
dax:FDQ92_10515	Deltaproteobacteria bacterium	20.0	14.0	2.0	26.0	36.0	8.0	18.0	24.0	12.0	1.0
sfu:Sfum_2236	Syntrophobacter fumaroxidans	70.0	56.0	24.0	56.0	62.0	20.0	58.0	44.0	18.0	1.0
ppd:Ppro_3738	Pelobacter propionicus	42.0	46.0	8.0	46.0	54.0	4.0	34.0	60.0	14.0	1.0
sfu:Sfum_0378	Syntrophobacter fumaroxidans	170.0	120.0	62.0	142.0	146.0	66.0	120.0	116.0	40.0	1.0
sfu:Sfum_3293	Syntrophobacter fumaroxidans	108.0	108.0	28.0	104.0	116.0	28.0	102.0	106.0	44.0	1.0
sfu:Sfum_2094	Syntrophobacter fumaroxidans	70.0	48.0	20.0	66.0	62.0	16.0	36.0	50.0	14.0	1.0
sfu:Sfum_1517	Syntrophobacter fumaroxidans	26.0	24.0	4.0	24.0	20.0	4.0	32.0	42.0	8.0	1.0
sfu:Sfum_1129	Syntrophobacter fumaroxidans	26.0	20.0	8.0	44.0	40.0	12.0	34.0	28.0	12.0	1.0
sfu:Sfum_0295	Syntrophobacter fumaroxidans	22.0	28.0	6.0	36.0	28.0	2.0	30.0	10.0	16.0	1.0
mfc:BRM9_0228,mfi:DSM1535_1077	Methanobacterium formicicum	114.0	106.0	22.0	160.0	136.0	56.0	120.0	94.0	44.0	1.0
mfi:DSM1535_1782	Methanobacterium formicicum	48.0	48.0	10.0	44.0	38.0	14.0	38.0	24.0	14.0	1.0
sfu:Sfum_0108	Syntrophobacter fumaroxidans	252.0	184.0	122.0	176.0	222.0	64.0	220.0	212.0	44.0	1.0
sfu:Sfum_2053	Syntrophobacter fumaroxidans	202.0	218.0	74.0	216.0	216.0	72.0	244.0	222.0	74.0	1.0
sfu:Sfum_1800	Syntrophobacter fumaroxidans	16.0	26.0	16.0	18.0	26.0	8.0	18.0	34.0	10.0	1.0
mfi:DSM1535_0341	Methanobacterium formicicum	404.0	454.0	140.0	432.0	388.0	134.0	396.0	360.0	108.0	1.0
sfu:Sfum_3772	Syntrophobacter fumaroxidans	114.0	148.0	44.0	120.0	100.0	32.0	118.0	92.0	40.0	1.0
mfi:DSM1535_1371	Methanobacterium formicicum	80.0	70.0	38.0	98.0	70.0	18.0	72.0	78.0	24.0	1.0
mfi:DSM1535_0024	Methanobacterium formicicum	200.0	274.0	84.0	236.0	238.0	68.0	256.0	254.0	96.0	1.0
sfu:Sfum_4085	Syntrophobacter fumaroxidans	248.0	266.0	94.0	262.0	242.0	86.0	280.0	220.0	102.0	1.0
mfi:DSM1535_0188	Methanobacterium formicicum	372.0	372.0	104.0	356.0	324.0	118.0	350.0	424.0	164.0	1.0
mfc:BRM9_0825,mfi:DSM1535_0788	Methanobacterium formicicum	364.0	332.0	120.0	350.0	338.0	98.0	342.0	334.0	104.0	1.0
mfi:DSM1535_1409	Methanobacterium formicicum	592.0	644.0	208.0	598.0	564.0	196.0	514.0	554.0	170.0	1.0
sfu:Sfum_1207	Syntrophobacter fumaroxidans	154.0	168.0	68.0	166.0	142.0	68.0	144.0	166.0	60.0	1.0
ppd:Ppro_0357	Pelobacter propionicus	34.0	56.0	10.0	32.0	24.0	8.0	62.0	62.0	24.0	1.0
sfu:Sfum_2516	Syntrophobacter fumaroxidans	232.0	216.0	60.0	202.0	194.0	66.0	198.0	178.0	78.0	1.0
sfu:Sfum_0332	Syntrophobacter fumaroxidans	60.0	54.0	6.0	38.0	48.0	20.0	64.0	58.0	28.0	1.0
ppd:Ppro_0246	Pelobacter propionicus	28.0	34.0	16.0	40.0	30.0	12.0	40.0	32.0	8.0	1.0
sfu:Sfum_1792	Syntrophobacter fumaroxidans	104.0	102.0	36.0	120.0	128.0	22.0	90.0	106.0	40.0	1.0
sfu:Sfum_0958	Syntrophobacter fumaroxidans	136.0	138.0	40.0	168.0	124.0	42.0	124.0	144.0	42.0	1.0
gsu:GSU0181	Geobacter sulfurreducens	58.0	48.0	32.0	62.0	62.0	20.0	62.0	60.0	24.0	1.0
sfu:Sfum_3349	Syntrophobacter fumaroxidans	136.0	142.0	42.0	166.0	156.0	40.0	132.0	144.0	34.0	1.0
mfc:BRM9_2058,mfi:DSM1535_1630	Methanobacterium formicicum	414.0	374.0	94.0	384.0	386.0	134.0	408.0	386.0	114.0	1.0
mfc:BRM9_0400,mfi:DSM1535_0327	Methanobacterium formicicum	68.0	68.0	16.0	82.0	62.0	36.0	58.0	68.0	24.0	1.0
sfu:Sfum_2296	Syntrophobacter fumaroxidans	22.0	22.0	10.0	32.0	32.0	14.0	20.0	28.0	10.0	1.0
sfu:Sfum_2427	Syntrophobacter fumaroxidans	160.0	158.0	74.0	130.0	176.0	50.0	156.0	184.0	46.0	1.0
sfu:Sfum_0512	Syntrophobacter fumaroxidans	56.0	74.0	14.0	68.0	76.0	24.0	64.0	72.0	18.0	1.0
sfu:Sfum_3734	Syntrophobacter fumaroxidans	34.0	30.0	14.0	38.0	42.0	12.0	40.0	40.0	12.0	1.0
ppd:Ppro_0086	Pelobacter propionicus	58.0	40.0	10.0	40.0	24.0	10.0	38.0	54.0	6.0	1.0
mfi:DSM1535_1583	Methanobacterium formicicum	4.0	252.0	8916.0	0.0	310.0	8860.0	8.0	258.0	8914.0	1.0
sfu:Sfum_0268	Syntrophobacter fumaroxidans	172.0	180.0	72.0	144.0	182.0	34.0	172.0	158.0	36.0	1.0
sfu:Sfum_3391	Syntrophobacter fumaroxidans	122.0	128.0	44.0	114.0	88.0	36.0	88.0	108.0	42.0	1.0
mfi:DSM1535_1996	Methanobacterium formicicum	480.0	538.0	154.0	496.0	540.0	182.0	480.0	532.0	172.0	1.0
mfc:BRM9_0708,mfi:DSM1535_0660	Methanobacterium formicicum	112.0	138.0	38.0	128.0	94.0	34.0	130.0	96.0	42.0	1.0
mfc:BRM9_0325,mfi:DSM1535_0973	Methanobacterium formicicum	372.0	370.0	124.0	330.0	336.0	104.0	316.0	330.0	110.0	1.0
mfc:BRM9_2278,mfi:DSM1535_1212	Methanobacterium formicicum	100.0	114.0	14.0	128.0	110.0	58.0	86.0	110.0	38.0	1.0
sfu:Sfum_1288	Syntrophobacter fumaroxidans	200.0	190.0	60.0	216.0	202.0	60.0	202.0	226.0	62.0	1.0
sfu:Sfum_3510	Syntrophobacter fumaroxidans	398.0	344.0	122.0	390.0	322.0	114.0	380.0	394.0	100.0	1.0
mfi:DSM1535_1045	Methanobacterium formicicum	452.0	518.0	156.0	396.0	436.0	170.0	420.0	494.0	150.0	1.0
dalk:DSCA_33100	Deltaproteobacteria bacterium	258.0	274.0	108.0	268.0	300.0	84.0	304.0	302.0	78.0	1.0
sfu:Sfum_0142	Syntrophobacter fumaroxidans	186.0	172.0	40.0	174.0	146.0	58.0	148.0	152.0	50.0	1.0
sfu:Sfum_1793	Syntrophobacter fumaroxidans	24.0	54.0	18.0	40.0	58.0	22.0	46.0	36.0	2.0	1.0
ppd:Ppro_0360	Pelobacter propionicus	32.0	30.0	18.0	34.0	20.0	16.0	22.0	40.0	8.0	1.0
mfi:DSM1535_0840	Methanobacterium formicicum	174.0	182.0	66.0	210.0	226.0	86.0	210.0	208.0	74.0	1.0
sfu:Sfum_1375	Syntrophobacter fumaroxidans	136.0	138.0	42.0	136.0	160.0	44.0	128.0	172.0	46.0	1.0
mfc:BRM9_2055,mfi:DSM1535_1633	Methanobacterium formicicum	372.0	366.0	128.0	362.0	396.0	120.0	344.0	308.0	104.0	1.0
sfu:Sfum_2141	Syntrophobacter fumaroxidans	152.0	110.0	28.0	94.0	86.0	44.0	96.0	108.0	28.0	1.0
mfc:BRM9_0230,mfi:DSM1535_1075	Methanobacterium formicicum	184.0	186.0	52.0	146.0	174.0	48.0	132.0	154.0	36.0	1.0
sfu:Sfum_2917	Syntrophobacter fumaroxidans	38.0	32.0	12.0	54.0	32.0	6.0	48.0	30.0	10.0	1.0
sfu:Sfum_3931	Syntrophobacter fumaroxidans	174.0	152.0	34.0	128.0	158.0	70.0	184.0	170.0	58.0	1.0
sfu:Sfum_3895	Syntrophobacter fumaroxidans	36.0	32.0	4.0	30.0	48.0	6.0	24.0	32.0	8.0	1.0
mfc:BRM9_1879,mfi:DSM1535_0062	Methanobacterium formicicum	48.0	60.0	12.0	70.0	64.0	20.0	68.0	68.0	24.0	1.0
mfc:BRM9_0347,mfi:DSM1535_0950	Methanobacterium formicicum	264.0	264.0	80.0	316.0	272.0	108.0	242.0	226.0	100.0	1.0
mfi:DSM1535_0754	Methanobacterium formicicum	480.0	364.0	144.0	438.0	370.0	132.0	416.0	414.0	138.0	1.0
sfu:Sfum_2562	Syntrophobacter fumaroxidans	300.0	326.0	120.0	400.0	374.0	116.0	362.0	344.0	154.0	1.0
sfu:Sfum_2389	Syntrophobacter fumaroxidans	34.0	20.0	12.0	40.0	40.0	2.0	26.0	38.0	20.0	1.0
mfi:DSM1535_0397	Methanobacterium formicicum	216.0	206.0	64.0	170.0	208.0	48.0	192.0	224.0	40.0	1.0
ppd:Ppro_2082	Pelobacter propionicus	478.0	500.0	144.0	466.0	432.0	162.0	432.0	512.0	154.0	1.0
sfu:Sfum_4006	Syntrophobacter fumaroxidans	144.0	144.0	40.0	136.0	150.0	52.0	162.0	132.0	62.0	1.0
sfu:Sfum_3080	Syntrophobacter fumaroxidans	28.0	34.0	8.0	28.0	22.0	4.0	34.0	42.0	18.0	1.0
sfu:Sfum_2385	Syntrophobacter fumaroxidans	30.0	32.0	4.0	32.0	32.0	8.0	22.0	34.0	8.0	1.0
gsu:GSU0672	Geobacter sulfurreducens	52.0	52.0	14.0	66.0	48.0	22.0	26.0	44.0	12.0	1.0
sfu:Sfum_2765	Syntrophobacter fumaroxidans	46.0	58.0	20.0	52.0	58.0	16.0	52.0	50.0	20.0	1.0
sfu:Sfum_2859	Syntrophobacter fumaroxidans	294.0	294.0	92.0	206.0	256.0	90.0	262.0	216.0	76.0	1.0
mfi:DSM1535_1340	Methanobacterium formicicum	358.0	366.0	108.0	336.0	390.0	108.0	370.0	336.0	98.0	1.0
sfu:Sfum_2433	Syntrophobacter fumaroxidans	206.0	202.0	52.0	208.0	226.0	68.0	272.0	154.0	70.0	1.0
sfu:Sfum_3360	Syntrophobacter fumaroxidans	222.0	174.0	88.0	220.0	248.0	84.0	274.0	224.0	102.0	1.0
mfc:BRM9_2195,mfi:DSM1535_1126	Methanobacterium formicicum	210.0	206.0	74.0	230.0	206.0	62.0	224.0	206.0	94.0	1.0
mfi:DSM1535_1005	Methanobacterium formicicum	190.0	164.0	72.0	202.0	196.0	60.0	214.0	196.0	66.0	1.0
mfi:DSM1535_1042	Methanobacterium formicicum	242.0	216.0	64.0	210.0	250.0	72.0	218.0	280.0	72.0	1.0
sfu:Sfum_2977	Syntrophobacter fumaroxidans	14.0	30.0	4.0	20.0	20.0	8.0	10.0	12.0	2.0	1.0
sfu:Sfum_4051	Syntrophobacter fumaroxidans	136.0	164.0	46.0	170.0	152.0	38.0	150.0	158.0	58.0	1.0
mfc:BRM9_0756,mfi:DSM1535_0716	Methanobacterium formicicum	208.0	180.0	82.0	204.0	196.0	76.0	208.0	236.0	48.0	1.0
sfu:Sfum_3781	Syntrophobacter fumaroxidans	148.0	122.0	36.0	158.0	128.0	48.0	136.0	134.0	60.0	1.0
sfu:Sfum_2797	Syntrophobacter fumaroxidans	166.0	108.0	40.0	164.0	126.0	54.0	126.0	168.0	42.0	1.0
sfu:Sfum_0412	Syntrophobacter fumaroxidans	124.0	110.0	34.0	102.0	104.0	24.0	146.0	122.0	48.0	1.0
mfc:BRM9_0226,mfi:DSM1535_1079	Methanobacterium formicicum	142.0	94.0	34.0	154.0	120.0	36.0	126.0	116.0	56.0	1.0
sfu:Sfum_2923	Syntrophobacter fumaroxidans	174.0	152.0	62.0	158.0	124.0	58.0	142.0	150.0	34.0	1.0
sfu:Sfum_1348	Syntrophobacter fumaroxidans	50.0	60.0	20.0	60.0	64.0	26.0	66.0	82.0	16.0	1.0
sfu:Sfum_2557	Deltaproteobacteria bacterium	744.0	702.0	210.0	698.0	720.0	200.0	708.0	704.0	240.0	1.0
mfi:DSM1535_0399	Methanobacterium formicicum	154.0	158.0	28.0	156.0	146.0	48.0	158.0	136.0	62.0	1.0
ppd:Ppro_0620	Pelobacter propionicus	22.0	38.0	10.0	44.0	34.0	8.0	34.0	30.0	4.0	1.0
mfi:DSM1535_2185	Methanobacterium formicicum	184.0	220.0	62.0	212.0	232.0	60.0	216.0	228.0	88.0	1.0
sfu:Sfum_0029	Syntrophobacter fumaroxidans	76.0	76.0	24.0	90.0	100.0	36.0	86.0	72.0	20.0	1.0
mfi:DSM1535_2026	Methanobacterium formicicum	124.0	118.0	36.0	136.0	114.0	28.0	120.0	108.0	22.0	1.0
mfi:DSM1535_2388	Methanobacterium formicicum	228.0	248.0	74.0	238.0	240.0	96.0	212.0	220.0	86.0	1.0
sfu:Sfum_1704	Syntrophobacter fumaroxidans	38.0	48.0	12.0	40.0	26.0	18.0	52.0	38.0	16.0	1.0
mfc:BRM9_2373,mfi:DSM1535_1305	Methanobacterium formicicum	136.0	110.0	52.0	106.0	132.0	40.0	148.0	134.0	30.0	1.0
sfu:Sfum_0523	Syntrophobacter fumaroxidans	90.0	78.0	18.0	104.0	102.0	26.0	110.0	104.0	36.0	1.0
sfu:Sfum_2963	Syntrophobacter fumaroxidans	468.0	444.0	144.0	522.0	486.0	158.0	488.0	454.0	142.0	1.0
mfc:BRM9_0841,mfi:DSM1535_0803	Methanobacterium formicicum	146.0	130.0	44.0	122.0	126.0	56.0	148.0	138.0	34.0	1.0
mfc:BRM9_1912,mfi:DSM1535_0098	Methanobacterium formicicum	174.0	122.0	50.0	156.0	152.0	62.0	160.0	156.0	40.0	1.0
mfc:BRM9_0397,mfi:DSM1535_0324	Methanobacterium formicicum	112.0	104.0	50.0	102.0	96.0	50.0	100.0	118.0	44.0	1.0
sfu:Sfum_3427	Syntrophobacter fumaroxidans	50.0	76.0	22.0	72.0	62.0	22.0	62.0	76.0	26.0	1.0
sfu:Sfum_3399	Syntrophobacter fumaroxidans	122.0	98.0	38.0	122.0	116.0	44.0	102.0	108.0	44.0	1.0
sfu:Sfum_0129	Syntrophobacter fumaroxidans	120.0	122.0	44.0	104.0	104.0	24.0	110.0	120.0	52.0	1.0
sfu:Sfum_2402	Syntrophobacter fumaroxidans	176.0	126.0	56.0	144.0	170.0	68.0	158.0	142.0	66.0	1.0
ppd:Ppro_0642	Pelobacter propionicus	188.0	198.0	56.0	190.0	132.0	72.0	210.0	174.0	68.0	1.0
sfu:Sfum_2754	Syntrophobacter fumaroxidans	40.0	50.0	24.0	54.0	32.0	8.0	38.0	44.0	18.0	1.0
sfu:Sfum_2706	Deltaproteobacteria bacterium	204.0	200.0	66.0	168.0	210.0	74.0	202.0	216.0	48.0	1.0
sfu:Sfum_3156	Syntrophobacter fumaroxidans	100.0	94.0	40.0	108.0	112.0	46.0	122.0	118.0	38.0	1.0
sfu:Sfum_0013	Syntrophobacter fumaroxidans	228.0	196.0	76.0	206.0	180.0	84.0	186.0	198.0	74.0	1.0
sfu:Sfum_3201	Syntrophobacter fumaroxidans	202.0	196.0	78.0	196.0	192.0	62.0	204.0	166.0	74.0	1.0
sfu:Sfum_0168	Syntrophobacter fumaroxidans	70.0	50.0	24.0	52.0	50.0	8.0	38.0	38.0	14.0	1.0
sfu:Sfum_0963	Syntrophobacter fumaroxidans	172.0	158.0	48.0	194.0	148.0	60.0	164.0	184.0	62.0	1.0
214.0	Deltaproteobacteria bacterium	172.0	46.0	180.0	218.0	86.0	206.0	246.0	74.0	1.0	
mfc:BRM9_1596,mfi:DSM1535_2290	Methanobacterium formicicum	110.0	90.0	24.0	114.0	120.0	40.0	136.0	118.0	28.0	1.0
sfu:Sfum_2621	Syntrophobacter fumaroxidans	232.0	232.0	78.0	236.0	208.0	74.0	192.0	212.0	60.0	1.0
sfu:Sfum_1025	Syntrophobacter fumaroxidans	42.0	44.0	16.0	66.0	76.0	44.0	46.0	58.0	20.0	1.0
sfu:Sfum_1851	Syntrophobacter fumaroxidans	178.0	230.0	66.0	254.0	208.0	68.0	214.0	204.0	60.0	1.0
sfu:Sfum_3757	Syntrophobacter fumaroxidans	74.0	48.0	24.0	84.0	54.0	18.0	78.0	66.0	24.0	1.0
mfi:DSM1535_0169	Methanobacterium formicicum	946.0	886.0	284.0	986.0	970.0	358.0	1020.0	1050.0	290.0	1.0
sfu:Sfum_3928	Syntrophobacter fumaroxidans	122.0	114.0	32.0	122.0	126.0	20.0	92.0	140.0	42.0	1.0
sfu:Sfum_1836	Syntrophobacter fumaroxidans	122.0	142.0	36.0	96.0	114.0	42.0	134.0	124.0	40.0	1.0
mfi:DSM1535_2173	Methanobacterium formicicum	308.0	302.0	100.0	252.0	262.0	90.0	280.0	300.0	102.0	1.0
mfc:BRM9_2003,mfi:DSM1535_0195	Methanobacterium formicicum	464.0	458.0	160.0	510.0	486.0	132.0	478.0	454.0	166.0	1.0
mfi:DSM1535_1584	Methanobacterium formicicum	214.0	198.0	64.0	228.0	204.0	56.0	240.0	242.0	52.0	1.0
sfu:Sfum_3599	Syntrophobacter fumaroxidans	48.0	62.0	22.0	30.0	50.0	2.0	50.0	28.0	16.0	1.0
mfc:BRM9_0025,mfi:DSM1535_1345	Methanobacterium formicicum	224.0	178.0	50.0	172.0	204.0	84.0	222.0	228.0	58.0	1.0
sfu:Sfum_4092	Syntrophobacter fumaroxidans	56.0	48.0	26.0	50.0	44.0	18.0	58.0	56.0	16.0	1.0
sfu:Sfum_3062	Syntrophobacter fumaroxidans	150.0	140.0	44.0	160.0	160.0	74.0	168.0	148.0	56.0	1.0
gsu:GSU2161	Geobacter sulfurreducens	108.0	112.0	22.0	124.0	130.0	18.0	106.0	120.0	36.0	1.0
sfu:Sfum_3312	Syntrophobacter fumaroxidans	106.0	142.0	38.0	102.0	96.0	34.0	108.0	84.0	22.0	1.0
mfc:BRM9_2282,mfi:DSM1535_1216	Methanobacterium formicicum	150.0	148.0	46.0	120.0	168.0	54.0	204.0	130.0	50.0	1.0
sfu:Sfum_3165	Syntrophobacter fumaroxidans	100.0	84.0	26.0	74.0	86.0	34.0	92.0	82.0	26.0	1.0
sfu:Sfum_1823	Syntrophobacter fumaroxidans	16.0	14.0	20.0	42.0	32.0	10.0	26.0	8.0	6.0	1.0
mfc:BRM9_2217,mfi:DSM1535_1147	Methanobacterium formicicum	178.0	150.0	78.0	150.0	146.0	42.0	164.0	178.0	52.0	1.0
sfu:Sfum_2332	Syntrophobacter fumaroxidans	62.0	62.0	24.0	66.0	54.0	12.0	58.0	74.0	18.0	1.0
sfu:Sfum_0286	Syntrophobacter fumaroxidans	102.0	132.0	28.0	72.0	112.0	42.0	124.0	96.0	22.0	1.0
ppd:Ppro_0372	Pelobacter propionicus	22.0	24.0	8.0	24.0	20.0	4.0	28.0	36.0	6.0	1.0
mfc:BRM9_0517,mfi:DSM1535_0497	Methanobacterium formicicum	80.0	80.0	32.0	86.0	70.0	28.0	86.0	102.0	28.0	1.0
sfu:Sfum_1949	Syntrophobacter fumaroxidans	106.0	124.0	36.0	110.0	142.0	40.0	142.0	140.0	40.0	1.0
sfu:Sfum_0026	Syntrophobacter fumaroxidans	48.0	54.0	12.0	44.0	30.0	6.0	44.0	50.0	10.0	1.0
sfu:Sfum_2567	Syntrophobacter fumaroxidans	114.0	102.0	42.0	114.0	96.0	28.0	114.0	92.0	32.0	1.0
sfu:Sfum_0464	Syntrophobacter fumaroxidans	102.0	78.0	20.0	88.0	114.0	44.0	88.0	84.0	22.0	1.0
sfu:Sfum_0405	Syntrophobacter fumaroxidans	84.0	76.0	44.0	86.0	98.0	24.0	96.0	82.0	40.0	1.0
sfu:Sfum_1297	Syntrophobacter fumaroxidans	96.0	122.0	34.0	80.0	80.0	28.0	106.0	112.0	30.0	1.0
mfi:DSM1535_2224	Methanobacterium formicicum	228.0	188.0	96.0	176.0	230.0	50.0	158.0	200.0	68.0	1.0
mfc:BRM9_0132,mfi:DSM1535_1455	Methanobacterium formicicum	70.0	50.0	18.0	42.0	54.0	26.0	66.0	48.0	6.0	1.0
sfu:Sfum_2343	Syntrophobacter fumaroxidans	80.0	54.0	14.0	84.0	54.0	32.0	74.0	92.0	30.0	1.0
sfu:Sfum_0505	Syntrophobacter fumaroxidans	42.0	60.0	10.0	40.0	44.0	12.0	38.0	52.0	22.0	1.0
sfu:Sfum_1910	Syntrophobacter fumaroxidans	24.0	22.0	8.0	18.0	28.0	12.0	36.0	30.0	4.0	1.0
mfi:DSM1535_1845	Methanobacterium formicicum	970.0	904.0	300.0	1048.0	948.0	296.0	886.0	850.0	332.0	1.0
sfu:Sfum_3525	Syntrophobacter fumaroxidans	202.0	186.0	60.0	144.0	196.0	52.0	194.0	164.0	62.0	1.0
sfu:Sfum_3568	Syntrophobacter fumaroxidans	146.0	174.0	64.0	162.0	134.0	50.0	160.0	148.0	52.0	1.0
mfi:DSM1535_0089	Methanobacterium formicicum	42.0	34.0	16.0	58.0	46.0	14.0	44.0	42.0	12.0	1.0
mfi:DSM1535_0916	Methanobacterium formicicum	304.0	322.0	78.0	314.0	308.0	102.0	304.0	316.0	92.0	1.0
sfu:Sfum_0462	Syntrophobacter fumaroxidans	34.0	42.0	6.0	22.0	20.0	12.0	30.0	34.0	14.0	1.0
mfi:DSM1535_2095	Methanobacterium formicicum	98.0	98.0	50.0	122.0	118.0	38.0	102.0	100.0	50.0	1.0
sfu:Sfum_0196	Syntrophobacter fumaroxidans	86.0	72.0	24.0	110.0	84.0	38.0	86.0	96.0	32.0	1.0
sfu:Sfum_0317	Syntrophobacter fumaroxidans	62.0	42.0	16.0	58.0	44.0	18.0	56.0	46.0	16.0	1.0
sfu:Sfum_1754	Syntrophobacter fumaroxidans	98.0	74.0	32.0	94.0	110.0	34.0	90.0	90.0	26.0	1.0
mfc:BRM9_0032,mfi:DSM1535_1352	Methanobacterium formicicum	156.0	168.0	64.0	180.0	160.0	62.0	172.0	184.0	52.0	1.0
sfu:Sfum_0148	Geobacter sulfurreducens	112.0	110.0	22.0	96.0	110.0	58.0	112.0	92.0	42.0	1.0
mfi:DSM1535_1805	Methanobacterium formicicum	354.0	346.0	100.0	360.0	342.0	114.0	316.0	342.0	110.0	1.0
sfu:Sfum_0107	Syntrophobacter fumaroxidans	112.0	132.0	40.0	96.0	124.0	38.0	134.0	112.0	42.0	1.0
mfi:DSM1535_0816	Methanobacterium formicicum	278.0	264.0	68.0	268.0	314.0	78.0	262.0	308.0	98.0	1.0
sfu:Sfum_2260	Syntrophobacter fumaroxidans	166.0	154.0	64.0	140.0	190.0	54.0	194.0	188.0	66.0	1.0
sfu:Sfum_3759	Syntrophobacter fumaroxidans	178.0	178.0	50.0	192.0	208.0	66.0	194.0	154.0	54.0	1.0
sfu:Sfum_1011	Syntrophobacter fumaroxidans	158.0	150.0	58.0	148.0	156.0	56.0	140.0	178.0	58.0	1.0
sfu:Sfum_2868	Syntrophobacter fumaroxidans	226.0	226.0	54.0	210.0	180.0	68.0	236.0	186.0	60.0	1.0
sfu:Sfum_0152	Syntrophobacter fumaroxidans	208.0	224.0	62.0	210.0	240.0	68.0	216.0	238.0	54.0	1.0
sfu:Sfum_2876	Syntrophobacter fumaroxidans	176.0	200.0	64.0	148.0	154.0	62.0	184.0	162.0	64.0	1.0
mfi:DSM1535_0456	Methanobacterium formicicum	316.0	274.0	92.0	304.0	318.0	84.0	302.0	336.0	92.0	1.0
sfu:Sfum_0955	Syntrophobacter fumaroxidans	74.0	60.0	26.0	50.0	42.0	24.0	78.0	62.0	16.0	1.0
mfi:DSM1535_2302	Methanobacterium formicicum	186.0	174.0	54.0	220.0	174.0	56.0	188.0	184.0	58.0	1.0
mfi:DSM1535_2084	Methanobacterium formicicum	112.0	126.0	34.0	158.0	122.0	44.0	148.0	132.0	46.0	1.0
mfc:BRM9_1404,mfi:DSM1535_2102	Methanobacterium formicicum	324.0	256.0	96.0	330.0	306.0	130.0	318.0	330.0	122.0	1.0
mfc:BRM9_1775,mfi:DSM1535_2414	Methanobacterium formicicum	174.0	134.0	64.0	140.0	180.0	44.0	166.0	150.0	40.0	1.0
ppd:Ppro_0469	Pelobacter propionicus	64.0	54.0	18.0	66.0	52.0	16.0	60.0	82.0	30.0	1.0
sfu:Sfum_2778	Syntrophobacter fumaroxidans	62.0	46.0	14.0	58.0	56.0	12.0	42.0	60.0	24.0	1.0
sfu:Sfum_2693	Syntrophobacter fumaroxidans	122.0	124.0	36.0	142.0	114.0	48.0	134.0	114.0	38.0	1.0
sfu:Sfum_1441	Syntrophobacter fumaroxidans	124.0	140.0	66.0	150.0	132.0	28.0	144.0	112.0	48.0	1.0
mfi:DSM1535_1054	Methanobacterium formicicum	532.0	556.0	176.0	544.0	576.0	146.0	490.0	442.0	190.0	1.0
mfc:BRM9_2063,mfi:DSM1535_1623	Methanobacterium formicicum	98.0	118.0	32.0	100.0	124.0	42.0	100.0	112.0	22.0	1.0
mfi:DSM1535_0847	Methanobacterium formicicum	424.0	316.0	102.0	398.0	428.0	110.0	394.0	384.0	146.0	1.0
sfu:Sfum_0292	Syntrophobacter fumaroxidans	148.0	134.0	40.0	160.0	148.0	38.0	138.0	162.0	50.0	1.0
mfc:BRM9_1766,mfi:DSM1535_2406	Methanobacterium formicicum	488.0	502.0	160.0	548.0	530.0	192.0	506.0	462.0	186.0	1.0
mfi:DSM1535_0708	Methanobacterium formicicum	500.0	472.0	176.0	460.0	480.0	138.0	538.0	484.0	164.0	1.0
sfu:Sfum_2938	Syntrophobacter fumaroxidans	30.0	34.0	12.0	18.0	14.0	8.0	32.0	14.0	4.0	1.0
ppd:Ppro_0248	Pelobacter propionicus	88.0	68.0	28.0	70.0	54.0	26.0	54.0	48.0	22.0	1.0
mfc:BRM9_2291,mfi:DSM1535_1225	Methanobacterium formicicum	436.0	394.0	154.0	464.0	386.0	174.0	454.0	384.0	154.0	1.0
ppd:Ppro_0506	Pelobacter propionicus	10.0	8.0	10.0	14.0	16.0	10.0	14.0	14.0	2.0	1.0
sfu:Sfum_1073	Syntrophobacter fumaroxidans	188.0	192.0	44.0	204.0	154.0	58.0	206.0	200.0	42.0	1.0
mfi:DSM1535_1041	Methanobacterium formicicum	190.0	160.0	76.0	170.0	162.0	60.0	180.0	146.0	52.0	1.0
mfc:BRM9_1776,mfi:DSM1535_2417	Methanobacterium formicicum	146.0	128.0	34.0	120.0	188.0	40.0	138.0	124.0	28.0	1.0
dax:FDQ92_07050	Deltaproteobacteria bacterium	56.0	58.0	18.0	46.0	82.0	14.0	56.0	64.0	16.0	1.0
ppd:Ppro_0549	Pelobacter propionicus	98.0	96.0	48.0	90.0	132.0	30.0	102.0	146.0	52.0	1.0
mfc:BRM9_0087	Methanobacterium formicicum	1050.0	1064.0	344.0	1010.0	1088.0	370.0	1016.0	968.0	332.0	1.0
gsu:GSU0050	Geobacter sulfurreducens	48.0	76.0	18.0	60.0	44.0	16.0	44.0	36.0	8.0	1.0
gsu:GSU1845	Geobacter sulfurreducens	236.0	238.0	64.0	204.0	204.0	54.0	178.0	206.0	62.0	1.0
mfc:BRM9_0747,mfi:DSM1535_0706	Methanobacterium formicicum	406.0	394.0	116.0	430.0	412.0	114.0	408.0	378.0	138.0	1.0
sfu:Sfum_0271	Syntrophobacter fumaroxidans	140.0	162.0	38.0	130.0	130.0	48.0	132.0	134.0	56.0	1.0
mfc:BRM9_1454,mfi:DSM1535_2145	Methanobacterium formicicum	542.0	568.0	202.0	614.0	574.0	164.0	618.0	536.0	174.0	1.0
mfi:DSM1535_0275	Methanobacterium formicicum	276.0	276.0	102.0	272.0	266.0	96.0	320.0	282.0	76.0	1.0
mfc:BRM9_0503,mfi:DSM1535_0483	Methanobacterium formicicum	284.0	312.0	102.0	326.0	260.0	82.0	306.0	308.0	64.0	1.0
mfi:DSM1535_2101	Methanobacterium formicicum	958.0	1050.0	356.0	1082.0	1070.0	338.0	1022.0	1030.0	372.0	1.0
mfi:DSM1535_1915	Methanobacterium formicicum	158.0	94.0	30.0	128.0	106.0	36.0	128.0	110.0	34.0	1.0
mfi:DSM1535_1181	Methanobacterium formicicum	320.0	348.0	114.0	376.0	330.0	100.0	298.0	330.0	118.0	1.0
sfu:Sfum_2159	Syntrophobacter fumaroxidans	40.0	46.0	20.0	40.0	30.0	16.0	36.0	42.0	14.0	1.0
sfu:Sfum_3411	Syntrophobacter fumaroxidans	56.0	82.0	20.0	44.0	50.0	28.0	62.0	66.0	26.0	1.0
sfu:Sfum_3870	Syntrophobacter fumaroxidans	76.0	82.0	20.0	70.0	78.0	16.0	80.0	70.0	12.0	1.0
dax:FDQ92_12530	Deltaproteobacteria bacterium	188.0	208.0	64.0	186.0	190.0	66.0	176.0	200.0	62.0	1.0
sfu:Sfum_3338	Syntrophobacter fumaroxidans	158.0	156.0	62.0	168.0	148.0	54.0	150.0	136.0	48.0	1.0
sfu:Sfum_2231	Syntrophobacter fumaroxidans	130.0	114.0	42.0	108.0	124.0	26.0	126.0	114.0	38.0	1.0
mfi:DSM1535_0463	Methanobacterium formicicum	328.0	340.0	110.0	362.0	334.0	88.0	308.0	322.0	94.0	1.0
sfu:Sfum_0112	Syntrophobacter fumaroxidans	116.0	100.0	34.0	104.0	84.0	40.0	116.0	118.0	34.0	1.0
mfi:DSM1535_1426	Methanobacterium formicicum	114.0	90.0	36.0	128.0	110.0	34.0	116.0	114.0	32.0	1.0
mfc:BRM9_2243,mfi:DSM1535_1175	Methanobacterium formicicum	78.0	126.0	48.0	96.0	114.0	40.0	134.0	116.0	48.0	1.0
mfi:DSM1535_2320	Methanobacterium formicicum	168.0	168.0	40.0	158.0	170.0	38.0	158.0	144.0	44.0	1.0
dax:FDQ92_02370	Deltaproteobacteria bacterium	56.0	46.0	8.0	42.0	32.0	14.0	52.0	46.0	18.0	1.0
mfc:BRM9_0143,mfi:DSM1535_1466	Methanobacterium formicicum	38.0	52.0	26.0	44.0	60.0	16.0	54.0	60.0	10.0	1.0
sfu:Sfum_2456	Syntrophobacter fumaroxidans	154.0	160.0	76.0	162.0	176.0	48.0	176.0	162.0	62.0	1.0
mfi:DSM1535_1286	Methanobacterium formicicum	54.0	54.0	26.0	60.0	42.0	20.0	44.0	56.0	24.0	1.0
sfu:Sfum_3379	Syntrophobacter fumaroxidans	128.0	164.0	44.0	146.0	158.0	40.0	148.0	160.0	54.0	1.0
sfu:Sfum_3755	Syntrophobacter fumaroxidans	206.0	228.0	64.0	226.0	212.0	62.0	214.0	216.0	62.0	1.0
mfc:BRM9_1873,mfi:DSM1535_0056	Methanobacterium formicicum	74.0	126.0	26.0	88.0	110.0	32.0	94.0	92.0	36.0	1.0
sfu:Sfum_0809	Syntrophobacter fumaroxidans	92.0	86.0	34.0	116.0	104.0	24.0	128.0	86.0	36.0	1.0
sfu:Sfum_3707	Syntrophobacter fumaroxidans	142.0	172.0	38.0	138.0	156.0	56.0	138.0	126.0	50.0	1.0
sfu:Sfum_1135	Syntrophobacter fumaroxidans	18.0	28.0	8.0	26.0	30.0	4.0	36.0	42.0	14.0	1.0
ppd:Ppro_0257	Pelobacter propionicus	44.0	30.0	8.0	38.0	46.0	12.0	38.0	22.0	8.0	1.0
mett:CIT01_06595	Methanobacterium formicicum	38.0	46.0	12.0	40.0	46.0	18.0	50.0	48.0	12.0	1.0
sfu:Sfum_3299	Syntrophobacter fumaroxidans	160.0	208.0	50.0	218.0	136.0	58.0	186.0	160.0	50.0	1.0
sfu:Sfum_0468	Syntrophobacter fumaroxidans	68.0	36.0	24.0	56.0	38.0	16.0	38.0	54.0	28.0	1.0
sfu:Sfum_3115	Syntrophobacter fumaroxidans	112.0	112.0	46.0	100.0	92.0	56.0	86.0	88.0	38.0	1.0
sfu:Sfum_2800	Syntrophobacter fumaroxidans	144.0	118.0	36.0	94.0	114.0	38.0	128.0	124.0	42.0	1.0
mfc:BRM9_2250,mfi:DSM1535_1182	Methanobacterium formicicum	328.0	306.0	94.0	268.0	298.0	122.0	280.0	294.0	78.0	1.0
mfi:DSM1535_1682	Methanobacterium formicicum	188.0	188.0	58.0	152.0	152.0	74.0	192.0	172.0	68.0	1.0
mfc:BRM9_1064,mfi:DSM1535_1725	Methanobacterium formicicum	382.0	424.0	130.0	412.0	386.0	130.0	398.0	362.0	118.0	1.0
sfu:Sfum_4074	Syntrophobacter fumaroxidans	156.0	210.0	60.0	156.0	140.0	78.0	200.0	158.0	52.0	1.0
mfc:BRM9_2165,mfi:DSM1535_1104	Methanobacterium formicicum	290.0	254.0	68.0	304.0	268.0	64.0	238.0	258.0	96.0	1.0
gsu:GSU0439	Geobacter sulfurreducens	52.0	50.0	6.0	64.0	46.0	18.0	58.0	46.0	16.0	1.0
mfi:DSM1535_1057	Methanobacterium formicicum	270.0	288.0	90.0	332.0	286.0	96.0	280.0	282.0	124.0	1.0
sfu:Sfum_1837	Syntrophobacter fumaroxidans	46.0	54.0	20.0	58.0	48.0	14.0	40.0	40.0	22.0	1.0
sfu:Sfum_1047	Syntrophobacter fumaroxidans	46.0	48.0	34.0	76.0	52.0	20.0	66.0	72.0	16.0	1.0
mfi:DSM1535_1421	Methanobacterium formicicum	366.0	346.0	110.0	368.0	360.0	136.0	346.0	328.0	102.0	1.0
sfu:Sfum_0062	Syntrophobacter fumaroxidans	124.0	120.0	38.0	128.0	112.0	38.0	102.0	122.0	32.0	1.0
mfi:DSM1535_0398	Methanobacterium formicicum	90.0	96.0	28.0	88.0	100.0	28.0	90.0	86.0	26.0	1.0
sfu:Sfum_0132	Syntrophobacter fumaroxidans	40.0	38.0	20.0	42.0	50.0	12.0	30.0	48.0	10.0	1.0
sfu:Sfum_2608	Syntrophobacter fumaroxidans	0.0	76.0	2170.0	0.0	52.0	2148.0	0.0	86.0	2152.0	1.0
ppd:Ppro_0411	Pelobacter propionicus	228.0	192.0	90.0	242.0	212.0	82.0	200.0	230.0	70.0	1.0
sfu:Sfum_3380	Syntrophobacter fumaroxidans	420.0	344.0	158.0	418.0	364.0	120.0	390.0	426.0	132.0	1.0
sfu:Sfum_0917	Syntrophobacter fumaroxidans	44.0	80.0	12.0	50.0	54.0	24.0	54.0	64.0	12.0	1.0
mfc:BRM9_0894,mfi:DSM1535_0861	Methanobacterium formicicum	166.0	148.0	54.0	158.0	154.0	36.0	164.0	154.0	66.0	1.0
sfu:Sfum_1101	Syntrophobacter fumaroxidans	116.0	108.0	42.0	122.0	96.0	40.0	130.0	112.0	30.0	1.0
mfc:BRM9_0191,mfi:DSM1535_1507	Methanobacterium formicicum	128.0	120.0	40.0	140.0	106.0	30.0	120.0	132.0	36.0	1.0
sfu:Sfum_3135	Syntrophobacter fumaroxidans	104.0	94.0	38.0	148.0	148.0	54.0	128.0	118.0	44.0	1.0
sfu:Sfum_1939	Syntrophobacter fumaroxidans	58.0	72.0	24.0	54.0	54.0	30.0	78.0	62.0	24.0	1.0
sfu:Sfum_1247	Syntrophobacter fumaroxidans	80.0	64.0	26.0	74.0	76.0	18.0	98.0	82.0	36.0	1.0
sfu:Sfum_1433	Syntrophobacter fumaroxidans	134.0	130.0	30.0	154.0	136.0	50.0	134.0	158.0	60.0	1.0
sfu:Sfum_0322	Syntrophobacter fumaroxidans	28.0	36.0	12.0	32.0	24.0	6.0	46.0	30.0	22.0	1.0
mfc:BRM9_2000,mfi:DSM1535_0192	Methanobacterium formicicum	308.0	250.0	94.0	242.0	286.0	90.0	274.0	246.0	94.0	1.0
mfc:BRM9_0072,mfi:DSM1535_1390	Methanobacterium formicicum	412.0	394.0	124.0	398.0	380.0	142.0	450.0	430.0	162.0	1.0
mfi:DSM1535_1946	Methanobacterium formicicum	174.0	212.0	56.0	248.0	234.0	66.0	198.0	210.0	90.0	1.0
sfu:Sfum_1854	Syntrophobacter fumaroxidans	150.0	134.0	36.0	86.0	132.0	32.0	124.0	124.0	32.0	1.0
sfu:Sfum_0940	Syntrophobacter fumaroxidans	68.0	52.0	10.0	50.0	86.0	30.0	66.0	52.0	18.0	1.0
ppd:Ppro_0112	Pelobacter propionicus	28.0	30.0	14.0	18.0	34.0	10.0	24.0	28.0	6.0	1.0
sfu:Sfum_0830	Syntrophobacter fumaroxidans	488.0	454.0	174.0	444.0	442.0	156.0	480.0	406.0	160.0	1.0
mfi:DSM1535_1109	Methanobacterium formicicum	138.0	110.0	66.0	166.0	142.0	48.0	114.0	140.0	44.0	1.0
sfu:Sfum_1005	Syntrophobacter fumaroxidans	328.0	366.0	122.0	336.0	306.0	100.0	340.0	348.0	116.0	1.0
mfi:DSM1535_0505	Methanobacterium formicicum	210.0	198.0	50.0	182.0	178.0	62.0	196.0	200.0	70.0	1.0
sfu:Sfum_0208	Syntrophobacter fumaroxidans	166.0	168.0	78.0	178.0	154.0	58.0	178.0	204.0	58.0	1.0
mfi:DSM1535_1214	Methanobacterium formicicum	400.0	398.0	122.0	416.0	394.0	118.0	424.0	434.0	128.0	1.0
mfc:BRM9_1910,mfi:DSM1535_0096	Methanobacterium formicicum	288.0	272.0	108.0	320.0	310.0	102.0	322.0	282.0	110.0	1.0
sfu:Sfum_3906	Syntrophobacter fumaroxidans	182.0	130.0	58.0	182.0	150.0	52.0	170.0	154.0	50.0	1.0
mfi:DSM1535_2003	Methanobacterium formicicum	178.0	176.0	58.0	164.0	160.0	54.0	158.0	164.0	52.0	1.0
sfu:Sfum_3321	Syntrophobacter fumaroxidans	306.0	296.0	122.0	274.0	298.0	78.0	284.0	262.0	92.0	1.0
mfi:DSM1535_1951	Methanobacterium formicicum	460.0	502.0	136.0	478.0	452.0	120.0	470.0	432.0	158.0	1.0
sfu:Sfum_3765	Syntrophobacter fumaroxidans	184.0	214.0	42.0	192.0	178.0	70.0	182.0	184.0	66.0	1.0
mfi:DSM1535_1404	Methanobacterium formicicum	240.0	234.0	66.0	216.0	230.0	68.0	202.0	220.0	84.0	1.0
sfu:Sfum_2526	Syntrophobacter fumaroxidans	130.0	130.0	42.0	146.0	130.0	34.0	142.0	124.0	44.0	1.0
mfc:BRM9_0342,mfi:DSM1535_0956	Methanobacterium formicicum	366.0	354.0	134.0	336.0	368.0	118.0	358.0	328.0	132.0	1.0
mfi:DSM1535_1324	Methanobacterium formicicum	442.0	460.0	144.0	426.0	416.0	172.0	416.0	404.0	134.0	1.0
ppd:Ppro_0462	Pelobacter propionicus	16.0	22.0	0.0	30.0	20.0	12.0	20.0	14.0	4.0	1.0
mfi:DSM1535_0256	Methanobacterium formicicum	472.0	422.0	138.0	460.0	410.0	148.0	452.0	458.0	152.0	1.0
mfi:DSM1535_0257	Methanobacterium formicicum	308.0	348.0	116.0	330.0	300.0	116.0	328.0	328.0	108.0	1.0
sfu:Sfum_3915	Syntrophobacter fumaroxidans	142.0	154.0	52.0	164.0	148.0	66.0	116.0	146.0	48.0	1.0
mfc:BRM9_2367,mfi:DSM1535_1298	Methanobacterium formicicum	206.0	256.0	74.0	218.0	214.0	64.0	246.0	278.0	66.0	1.0
mfi:DSM1535_1453	Methanobacterium formicicum	276.0	286.0	76.0	328.0	330.0	76.0	250.0	274.0	88.0	1.0
sfu:Sfum_2045	Syntrophobacter fumaroxidans	28.0	28.0	2.0	36.0	30.0	14.0	38.0	34.0	16.0	1.0
sfu:Sfum_3089	Syntrophobacter fumaroxidans	138.0	120.0	42.0	134.0	148.0	38.0	134.0	116.0	38.0	1.0
sfu:Sfum_3490	Syntrophobacter fumaroxidans	100.0	112.0	30.0	128.0	110.0	42.0	122.0	104.0	42.0	1.0
sfu:Sfum_1996	Syntrophobacter fumaroxidans	206.0	162.0	52.0	174.0	186.0	48.0	186.0	164.0	78.0	1.0
sfu:Sfum_1138	Syntrophobacter fumaroxidans	92.0	84.0	24.0	80.0	78.0	18.0	92.0	88.0	30.0	1.0
mfc:BRM9_2170,mfi:DSM1535_1110	Methanobacterium formicicum	94.0	94.0	28.0	92.0	88.0	12.0	88.0	78.0	40.0	1.0
sfu:Sfum_3256	Syntrophobacter fumaroxidans	148.0	122.0	56.0	150.0	146.0	40.0	170.0	134.0	46.0	1.0
sfu:Sfum_2199	Syntrophobacter fumaroxidans	46.0	24.0	12.0	36.0	42.0	6.0	28.0	42.0	6.0	1.0
sfu:Sfum_2394	Syntrophobacter fumaroxidans	120.0	128.0	42.0	128.0	100.0	42.0	144.0	136.0	42.0	1.0
mfi:DSM1535_0050	Methanobacterium formicicum	362.0	314.0	98.0	320.0	312.0	118.0	336.0	348.0	98.0	1.0
sfu:Sfum_3534	Syntrophobacter fumaroxidans	350.0	340.0	118.0	412.0	342.0	122.0	302.0	324.0	108.0	1.0
mfc:BRM9_2133,mfi:DSM1535_1548	Methanobacterium formicicum	516.0	498.0	150.0	512.0	572.0	160.0	520.0	464.0	158.0	1.0
mfi:DSM1535_0457	Methanobacterium formicicum	460.0	426.0	142.0	458.0	400.0	138.0	380.0	410.0	152.0	1.0
mfi:DSM1535_0376	Methanobacterium formicicum	238.0	244.0	66.0	254.0	232.0	80.0	248.0	276.0	94.0	1.0
sfu:Sfum_3139	Syntrophobacter fumaroxidans	94.0	112.0	20.0	80.0	108.0	40.0	120.0	96.0	28.0	1.0
mfi:DSM1535_2186	Methanobacterium formicicum	140.0	156.0	58.0	162.0	140.0	42.0	136.0	180.0	50.0	1.0
sfu:Sfum_3773	Syntrophobacter fumaroxidans	270.0	278.0	82.0	256.0	238.0	98.0	274.0	214.0	100.0	1.0
mfi:DSM1535_2087	Methanobacterium formicicum	188.0	190.0	40.0	144.0	168.0	50.0	170.0	158.0	44.0	1.0
mfc:BRM9_1771,mfi:DSM1535_2411	Methanobacterium formicicum	690.0	682.0	216.0	672.0	626.0	206.0	680.0	748.0	230.0	1.0
sfu:Sfum_2836	Syntrophobacter fumaroxidans	40.0	68.0	22.0	64.0	74.0	12.0	32.0	48.0	18.0	1.0
mfc:BRM9_2236,mfi:DSM1535_1167	Methanobacterium formicicum	186.0	164.0	68.0	154.0	188.0	68.0	166.0	190.0	52.0	1.0
ppd:Ppro_0017	Pelobacter propionicus	26.0	20.0	6.0	18.0	28.0	18.0	22.0	28.0	4.0	1.0
mfi:DSM1535_2190	Methanobacterium formicicum	462.0	456.0	144.0	486.0	418.0	142.0	456.0	470.0	116.0	1.0
sfu:Sfum_2442	Syntrophobacter fumaroxidans	152.0	148.0	62.0	182.0	160.0	50.0	128.0	190.0	52.0	1.0
sfu:Sfum_2944	Syntrophobacter fumaroxidans	108.0	116.0	34.0	106.0	170.0	20.0	106.0	94.0	24.0	1.0
sfu:Sfum_0095	Syntrophobacter fumaroxidans	46.0	44.0	16.0	46.0	26.0	16.0	40.0	44.0	10.0	1.0
sfu:Sfum_1203	Syntrophobacter fumaroxidans	96.0	48.0	24.0	68.0	70.0	26.0	64.0	62.0	26.0	1.0
sfu:Sfum_1792	Syntrophobacter fumaroxidans	108.0	124.0	34.0	126.0	126.0	34.0	128.0	124.0	40.0	1.0
mfi:DSM1535_2383	Methanobacterium formicicum	496.0	524.0	182.0	522.0	508.0	170.0	506.0	506.0	144.0	1.0
sfu:Sfum_1817	Syntrophobacter fumaroxidans	214.0	202.0	90.0	196.0	182.0	62.0	216.0	222.0	54.0	1.0
sfu:Sfum_1303	Syntrophobacter fumaroxidans	116.0	106.0	22.0	122.0	96.0	42.0	98.0	110.0	36.0	1.0
sfu:Sfum_1508	Syntrophobacter fumaroxidans	66.0	82.0	18.0	40.0	74.0	26.0	74.0	54.0	26.0	1.0
mfi:DSM1535_0610	Methanobacterium formicicum	208.0	230.0	86.0	188.0	222.0	96.0	226.0	246.0	100.0	1.0
sfu:Sfum_1957	Syntrophobacter fumaroxidans	54.0	58.0	20.0	56.0	60.0	24.0	66.0	68.0	24.0	1.0
sfu:Sfum_1158	Syntrophobacter fumaroxidans	132.0	100.0	44.0	120.0	94.0	38.0	90.0	118.0	44.0	1.0
sfu:Sfum_0933	Syntrophobacter fumaroxidans	104.0	100.0	36.0	140.0	134.0	38.0	120.0	144.0	50.0	1.0
mfi:DSM1535_1793	Methanobacterium formicicum	502.0	534.0	134.0	452.0	482.0	136.0	454.0	448.0	140.0	1.0
sfu:Sfum_2168	Syntrophobacter fumaroxidans	188.0	218.0	68.0	206.0	196.0	58.0	162.0	192.0	64.0	1.0
msub:BK009_11040	Methanobacterium formicicum	58.0	56.0	20.0	74.0	56.0	20.0	44.0	60.0	12.0	1.0
sfu:Sfum_2930	Syntrophobacter fumaroxidans	90.0	68.0	26.0	60.0	56.0	24.0	58.0	70.0	16.0	1.0
mfi:DSM1535_0247	Methanobacterium formicicum	376.0	390.0	104.0	346.0	414.0	122.0	434.0	362.0	142.0	1.0
sfu:Sfum_2474	Syntrophobacter fumaroxidans	162.0	142.0	64.0	164.0	172.0	56.0	184.0	122.0	42.0	1.0
sfu:Sfum_2879	Syntrophobacter fumaroxidans	166.0	174.0	58.0	168.0	192.0	66.0	206.0	160.0	52.0	1.0
sfu:Sfum_0971	Syntrophobacter fumaroxidans	158.0	168.0	48.0	164.0	174.0	50.0	166.0	152.0	60.0	1.0
sfu:Sfum_1690	Syntrophobacter fumaroxidans	60.0	76.0	26.0	78.0	70.0	22.0	74.0	72.0	22.0	1.0
mfi:DSM1535_2153	Methanobacterium formicicum	322.0	300.0	70.0	286.0	310.0	102.0	340.0	310.0	110.0	1.0
sfu:Sfum_2616	Syntrophobacter fumaroxidans	240.0	220.0	76.0	234.0	216.0	78.0	218.0	178.0	76.0	1.0
sfu:Sfum_2816	Deltaproteobacteria bacterium	40.0	38.0	14.0	50.0	58.0	10.0	50.0	62.0	20.0	1.0
sfu:Sfum_2657	Syntrophobacter fumaroxidans	196.0	208.0	66.0	160.0	172.0	38.0	194.0	156.0	70.0	1.0
sfu:Sfum_1513	Syntrophobacter fumaroxidans	108.0	108.0	34.0	100.0	98.0	32.0	116.0	106.0	32.0	1.0
gsu:GSU1448	Geobacter sulfurreducens	60.0	44.0	20.0	34.0	38.0	20.0	66.0	56.0	20.0	1.0
sfu:Sfum_2033	Syntrophobacter fumaroxidans	48.0	40.0	20.0	44.0	46.0	14.0	30.0	42.0	8.0	1.0
mfc:BRM9_0547,mfi:DSM1535_0528	Methanobacterium formicicum	290.0	300.0	74.0	300.0	278.0	78.0	342.0	248.0	114.0	1.0
sfu:Sfum_3339	Syntrophobacter fumaroxidans	104.0	88.0	22.0	88.0	100.0	26.0	100.0	82.0	16.0	1.0
sfu:Sfum_0126	Syntrophobacter fumaroxidans	66.0	80.0	20.0	48.0	48.0	22.0	32.0	54.0	16.0	1.0
sfu:Sfum_0839	Syntrophobacter fumaroxidans	114.0	110.0	28.0	104.0	82.0	34.0	96.0	72.0	32.0	1.0
sfu:Sfum_2071	Syntrophobacter fumaroxidans	76.0	80.0	26.0	86.0	82.0	24.0	64.0	50.0	28.0	1.0
sfu:Sfum_3563	Syntrophobacter fumaroxidans	94.0	70.0	36.0	76.0	62.0	24.0	88.0	78.0	20.0	1.0
mfi:DSM1535_2321	Methanobacterium formicicum	248.0	298.0	94.0	282.0	274.0	92.0	274.0	264.0	90.0	1.0
sfu:Sfum_1472	Syntrophobacter fumaroxidans	2.0	276.0	8536.0	0.0	270.0	8436.0	0.0	266.0	8382.0	1.0
mfi:DSM1535_0145	Methanobacterium formicicum	168.0	184.0	64.0	226.0	146.0	52.0	202.0	154.0	28.0	1.0
mfc:BRM9_1291,mfi:DSM1535_1974	Methanobacterium formicicum	142.0	192.0	72.0	172.0	136.0	68.0	194.0	194.0	42.0	1.0
mfc:BRM9_1458,mfi:DSM1535_2149	Methanobacterium formicicum	174.0	236.0	86.0	234.0	254.0	54.0	212.0	212.0	70.0	1.0
sfu:Sfum_1687	Syntrophobacter fumaroxidans	58.0	66.0	18.0	44.0	56.0	10.0	54.0	48.0	18.0	1.0
mfi:DSM1535_1363	Methanobacterium formicicum	2.0	300.0	9526.0	4.0	274.0	9606.0	0.0	298.0	9452.0	1.0
sfu:Sfum_3615	Syntrophobacter fumaroxidans	82.0	98.0	18.0	82.0	84.0	14.0	82.0	82.0	28.0	1.0
sfu:Sfum_1986	Syntrophobacter fumaroxidans	46.0	54.0	8.0	54.0	44.0	14.0	62.0	50.0	16.0	1.0
mfc:BRM9_2334,mfi:DSM1535_1266	Methanobacterium formicicum	138.0	122.0	28.0	130.0	114.0	52.0	136.0	114.0	46.0	1.0
dax:FDQ92_04145	Deltaproteobacteria bacterium	104.0	102.0	30.0	118.0	100.0	34.0	114.0	96.0	46.0	1.0
dax:FDQ92_12015	Deltaproteobacteria bacterium	44.0	40.0	14.0	30.0	32.0	16.0	52.0	46.0	18.0	1.0
mfi:DSM1535_1291	Methanobacterium formicicum	548.0	562.0	192.0	586.0	526.0	186.0	566.0	530.0	190.0	1.0
sfu:Sfum_0932	Syntrophobacter fumaroxidans	48.0	78.0	30.0	72.0	72.0	18.0	62.0	54.0	18.0	1.0
ppd:Ppro_0055	Pelobacter propionicus	60.0	78.0	26.0	54.0	48.0	10.0	54.0	46.0	16.0	1.0
sfu:Sfum_2838	Syntrophobacter fumaroxidans	34.0	30.0	12.0	38.0	36.0	10.0	38.0	28.0	18.0	1.0
mfi:DSM1535_0264	Methanobacterium formicicum	1248.0	1128.0	420.0	1296.0	1318.0	440.0	1194.0	1212.0	376.0	1.0
sfu:Sfum_3845	Syntrophobacter fumaroxidans	174.0	136.0	56.0	134.0	168.0	50.0	136.0	124.0	30.0	1.0
sfu:Sfum_1063	Syntrophobacter fumaroxidans	62.0	48.0	22.0	48.0	56.0	14.0	54.0	46.0	16.0	1.0
sfu:Sfum_1720	Syntrophobacter fumaroxidans	104.0	114.0	32.0	96.0	72.0	24.0	96.0	108.0	36.0	1.0
mfc:BRM9_0405,mfi:DSM1535_0332	Methanobacterium formicicum	100.0	80.0	28.0	102.0	106.0	46.0	82.0	78.0	28.0	1.0
sfu:Sfum_1339	Syntrophobacter fumaroxidans	134.0	154.0	40.0	172.0	152.0	40.0	140.0	144.0	40.0	1.0
sfu:Sfum_0960	Syntrophobacter fumaroxidans	70.0	86.0	38.0	104.0	92.0	28.0	100.0	106.0	26.0	1.0
mfc:BRM9_2197,mfi:DSM1535_1128	Methanobacterium formicicum	228.0	238.0	78.0	278.0	252.0	76.0	252.0	220.0	76.0	1.0
sfu:Sfum_3511	Syntrophobacter fumaroxidans	78.0	92.0	26.0	94.0	76.0	38.0	80.0	100.0	26.0	1.0
sfu:Sfum_2457	Syntrophobacter fumaroxidans	46.0	46.0	8.0	44.0	50.0	14.0	46.0	46.0	24.0	1.0
mfc:BRM9_1129,mfi:DSM1535_1785	Methanobacterium formicicum	134.0	204.0	56.0	186.0	186.0	66.0	226.0	168.0	54.0	1.0
mfc:BRM9_1808,mfi:DSM1535_2449	Methanobacterium formicicum	250.0	268.0	92.0	272.0	292.0	86.0	276.0	282.0	106.0	1.0
sfu:Sfum_3797	Syntrophobacter fumaroxidans	50.0	42.0	8.0	40.0	60.0	10.0	68.0	44.0	20.0	1.0
mfi:DSM1535_0285	Methanobacterium formicicum	506.0	596.0	188.0	604.0	594.0	172.0	522.0	582.0	196.0	1.0
mfi:DSM1535_1875	Methanobacterium formicicum	92.0	88.0	32.0	116.0	72.0	24.0	90.0	70.0	22.0	1.0
mfi:DSM1535_1086	Methanobacterium formicicum	258.0	238.0	88.0	276.0	262.0	96.0	276.0	256.0	92.0	1.0
sfu:Sfum_0250	Syntrophobacter fumaroxidans	238.0	278.0	78.0	240.0	238.0	76.0	238.0	222.0	80.0	1.0
mfc:BRM9_1516,mfi:DSM1535_2219	Methanobacterium formicicum	374.0	348.0	140.0	378.0	372.0	86.0	318.0	326.0	114.0	1.0
sfu:Sfum_1515	Syntrophobacter fumaroxidans	42.0	36.0	20.0	48.0	46.0	10.0	36.0	46.0	8.0	1.0
mfi:DSM1535_1403	Methanobacterium formicicum	538.0	532.0	182.0	526.0	540.0	168.0	514.0	512.0	172.0	1.0
mfi:DSM1535_1354	Methanobacterium formicicum	410.0	410.0	144.0	420.0	350.0	114.0	382.0	480.0	116.0	1.0
sfu:Sfum_2054	Syntrophobacter fumaroxidans	112.0	116.0	32.0	114.0	112.0	30.0	106.0	108.0	64.0	1.0
sfu:Sfum_2321	Syntrophobacter fumaroxidans	0.0	66.0	2174.0	0.0	50.0	2224.0	0.0	64.0	2212.0	1.0
gpi:GPICK_01545	Geobacter sulfurreducens	94.0	96.0	34.0	82.0	108.0	32.0	96.0	74.0	30.0	1.0
sfu:Sfum_3260	Syntrophobacter fumaroxidans	128.0	128.0	48.0	132.0	110.0	48.0	126.0	126.0	32.0	1.0
sfu:Sfum_1904	Syntrophobacter fumaroxidans	68.0	84.0	10.0	66.0	62.0	26.0	92.0	64.0	20.0	1.0
sfu:Sfum_0850	Syntrophobacter fumaroxidans	12.0	16.0	4.0	28.0	24.0	4.0	26.0	26.0	4.0	1.0
sfu:Sfum_0177	Syntrophobacter fumaroxidans	56.0	40.0	14.0	50.0	42.0	22.0	50.0	64.0	20.0	1.0
mfi:DSM1535_0472	Methanobacterium formicicum	360.0	306.0	92.0	310.0	296.0	112.0	302.0	308.0	138.0	1.0
sfu:Sfum_2444	Syntrophobacter fumaroxidans	46.0	42.0	16.0	50.0	44.0	24.0	48.0	40.0	8.0	1.0
mfi:DSM1535_0823	Methanobacterium formicicum	404.0	474.0	138.0	320.0	438.0	140.0	404.0	472.0	160.0	1.0
sfu:Sfum_1214	Syntrophobacter fumaroxidans	54.0	54.0	16.0	50.0	54.0	16.0	50.0	68.0	16.0	1.0
mfc:BRM9_0709,mfi:DSM1535_0661	Methanobacterium formicicum	182.0	134.0	48.0	148.0	186.0	36.0	154.0	148.0	56.0	1.0
sfu:Sfum_0842	Syntrophobacter fumaroxidans	156.0	140.0	58.0	178.0	144.0	62.0	148.0	142.0	56.0	1.0
mfc:BRM9_0900,mfi:DSM1535_0867	Methanobacterium formicicum	178.0	176.0	40.0	224.0	172.0	46.0	158.0	206.0	44.0	1.0
mfi:DSM1535_0937	Methanobacterium formicicum	194.0	212.0	52.0	186.0	206.0	60.0	186.0	188.0	66.0	1.0
mfi:DSM1535_2148	Methanobacterium formicicum	374.0	330.0	88.0	298.0	324.0	120.0	352.0	280.0	106.0	1.0
mfi:DSM1535_1269	Methanobacterium formicicum	242.0	318.0	82.0	278.0	274.0	82.0	258.0	276.0	100.0	1.0
mfc:BRM9_2256,mfi:DSM1535_1190	Methanobacterium formicicum	422.0	442.0	144.0	450.0	448.0	140.0	438.0	422.0	132.0	1.0
sfu:Sfum_3815	Syntrophobacter fumaroxidans	207.0	191.0	56.0	157.0	154.0	73.0	195.0	190.0	50.0	1.0
sfu:Sfum_3155	Syntrophobacter fumaroxidans	188.0	124.0	50.0	152.0	154.0	50.0	164.0	142.0	46.0	1.0
dax:FDQ92_06370	Deltaproteobacteria bacterium	44.0	48.0	10.0	34.0	42.0	24.0	40.0	38.0	16.0	1.0
sfu:Sfum_0988	Syntrophobacter fumaroxidans	70.0	66.0	20.0	90.0	66.0	26.0	84.0	52.0	24.0	1.0
sfu:Sfum_3776	Syntrophobacter fumaroxidans	206.0	164.0	54.0	206.0	220.0	72.0	182.0	200.0	54.0	1.0
mfi:DSM1535_1854	Methanobacterium formicicum	496.0	476.0	150.0	458.0	506.0	124.0	458.0	466.0	160.0	1.0
sfu:Sfum_2604	Syntrophobacter fumaroxidans	38.0	48.0	10.0	24.0	40.0	8.0	36.0	18.0	14.0	1.0
sfu:Sfum_0160	Syntrophobacter fumaroxidans	212.0	208.0	78.0	208.0	234.0	66.0	210.0	228.0	46.0	1.0
mfi:DSM1535_0721	Methanobacterium formicicum	232.0	232.0	74.0	196.0	218.0	68.0	192.0	202.0	60.0	1.0
sfu:Sfum_0385	Syntrophobacter fumaroxidans	96.0	94.0	28.0	112.0	90.0	40.0	118.0	128.0	30.0	1.0
sfu:Sfum_1639	Syntrophobacter fumaroxidans	0.0	60.0	2166.0	2.0	48.0	2338.0	0.0	66.0	2158.0	1.0
sfu:Sfum_3905	Syntrophobacter fumaroxidans	164.0	112.0	44.0	144.0	150.0	66.0	182.0	180.0	68.0	1.0
mfc:BRM9_2010,mfi:DSM1535_0202	Methanobacterium formicicum	370.0	404.0	140.0	410.0	440.0	136.0	360.0	394.0	140.0	1.0
sfu:Sfum_2883	Syntrophobacter fumaroxidans	42.0	32.0	10.0	38.0	28.0	4.0	34.0	34.0	10.0	1.0
sfu:Sfum_2419	Syntrophobacter fumaroxidans	226.0	220.0	68.0	185.0	192.0	54.0	216.0	209.0	75.0	1.0
mfi:DSM1535_2180	Methanobacterium formicicum	2.0	364.0	12878.0	0.0	348.0	13022.0	6.0	430.0	12572.0	1.0
mfc:BRM9_2205,mfi:DSM1535_1135	Methanobacterium formicicum	172.0	208.0	52.0	178.0	186.0	62.0	174.0	190.0	64.0	1.0
ppd:Ppro_0068	Pelobacter propionicus	48.0	30.0	18.0	34.0	32.0	10.0	36.0	38.0	14.0	1.0
sfu:Sfum_3847	Syntrophobacter fumaroxidans	586.0	496.0	136.0	536.0	552.0	162.0	536.0	562.0	152.0	1.0
mfc:BRM9_1179,mfi:DSM1535_1859	Methanobacterium formicicum	102.0	136.0	34.0	116.0	100.0	42.0	106.0	98.0	40.0	1.0
mfi:DSM1535_1653	Methanobacterium formicicum	408.0	332.0	120.0	364.0	402.0	124.0	392.0	378.0	94.0	1.0
sfu:Sfum_2318	Syntrophobacter fumaroxidans	64.0	60.0	32.0	54.0	54.0	14.0	62.0	50.0	16.0	1.0
mfc:BRM9_0122,mfi:DSM1535_1445	Methanobacterium formicicum	260.0	224.0	90.0	264.0	244.0	78.0	224.0	218.0	92.0	1.0
mfi:DSM1535_1410	Methanobacterium formicicum	576.0	586.0	182.0	542.0	576.0	170.0	652.0	568.0	196.0	1.0
mfi:DSM1535_1996	Methanobacterium formicicum	526.0	454.0	148.0	566.0	488.0	172.0	554.0	510.0	162.0	1.0
mfc:BRM9_0784,mfi:DSM1535_0744	Methanobacterium formicicum	272.0	306.0	70.0	292.0	256.0	88.0	300.0	306.0	92.0	1.0
sfu:Sfum_2766	Syntrophobacter fumaroxidans	74.0	50.0	20.0	70.0	74.0	10.0	84.0	64.0	20.0	1.0
mfc:BRM9_1087,mfi:DSM1535_1741	Methanobacterium formicicum	610.0	614.0	212.0	618.0	578.0	256.0	638.0	604.0	198.0	1.0
sfu:Sfum_2587	Syntrophobacter fumaroxidans	2.0	58.0	1628.0	0.0	62.0	1734.0	0.0	58.0	1688.0	1.0
mfi:DSM1535_0045	Methanobacterium formicicum	138.0	102.0	42.0	176.0	118.0	44.0	134.0	128.0	42.0	1.0
sfu:Sfum_0929	Syntrophobacter fumaroxidans	386.0	398.0	128.0	330.0	352.0	120.0	404.0	364.0	120.0	1.0
sfu:Sfum_0191	Syntrophobacter fumaroxidans	108.0	134.0	32.0	132.0	100.0	40.0	110.0	154.0	34.0	1.0
sfu:Sfum_2671	Syntrophobacter fumaroxidans	234.0	188.0	68.0	226.0	218.0	70.0	224.0	214.0	72.0	1.0
sfu:Sfum_2419	Syntrophobacter fumaroxidans	204.0	226.0	70.0	191.0	190.0	56.0	212.0	221.0	73.0	1.0
mfi:DSM1535_2340	Methanobacterium formicicum	330.0	340.0	102.0	274.0	310.0	94.0	316.0	292.0	120.0	1.0
sfu:Sfum_2501	Syntrophobacter fumaroxidans	44.0	28.0	4.0	44.0	32.0	18.0	62.0	40.0	20.0	1.0
sfu:Sfum_0372	Syntrophobacter fumaroxidans	124.0	104.0	42.0	114.0	138.0	42.0	154.0	116.0	46.0	1.0
sfu:Sfum_0273	Syntrophobacter fumaroxidans	62.0	56.0	18.0	50.0	42.0	12.0	50.0	44.0	10.0	1.0
mfc:BRM9_1737,mfi:DSM1535_2376	Methanobacterium formicicum	276.0	240.0	102.0	262.0	270.0	90.0	220.0	256.0	100.0	1.0
sfu:Sfum_0925	Syntrophobacter fumaroxidans	48.0	42.0	30.0	56.0	46.0	18.0	48.0	48.0	14.0	1.0
mfi:DSM1535_0357	Methanobacterium formicicum	102.0	102.0	60.0	116.0	132.0	28.0	128.0	128.0	40.0	1.0
sfu:Sfum_2011	Deltaproteobacteria bacterium	80.0	60.0	18.0	58.0	44.0	14.0	58.0	60.0	20.0	1.0
mfc:BRM9_1484,mfi:DSM1535_2176	Methanobacterium formicicum	96.0	86.0	42.0	108.0	134.0	32.0	84.0	92.0	28.0	1.0
sfu:Sfum_2931	Syntrophobacter fumaroxidans	72.0	62.0	18.0	96.0	76.0	22.0	86.0	74.0	36.0	1.0
mfi:DSM1535_0881	Methanobacterium formicicum	460.0	516.0	162.0	484.0	524.0	154.0	548.0	538.0	142.0	1.0
mfi:DSM1535_0079	Methanobacterium formicicum	422.0	434.0	142.0	432.0	398.0	138.0	422.0	424.0	136.0	1.0
mfc:BRM9_1613,mfi:DSM1535_2308	Methanobacterium formicicum	274.0	254.0	96.0	280.0	284.0	76.0	262.0	280.0	92.0	1.0
sfu:Sfum_2057	Syntrophobacter fumaroxidans	138.0	128.0	64.0	144.0	146.0	36.0	130.0	94.0	34.0	1.0
sfu:Sfum_1587	Syntrophobacter fumaroxidans	40.0	36.0	8.0	52.0	46.0	6.0	36.0	40.0	14.0	1.0
sfu:Sfum_1866	Syntrophobacter fumaroxidans	106.0	92.0	32.0	104.0	86.0	42.0	78.0	66.0	8.0	1.0
sfu:Sfum_1771	Syntrophobacter fumaroxidans	162.0	144.0	48.0	144.0	144.0	50.0	154.0	172.0	38.0	1.0
mfi:DSM1535_0080	Methanobacterium formicicum	316.0	330.0	82.0	302.0	260.0	82.0	238.0	308.0	82.0	1.0
mfi:DSM1535_1699	Methanobacterium formicicum	32.0	40.0	12.0	40.0	64.0	16.0	42.0	42.0	20.0	1.0
sfu:Sfum_1890	Syntrophobacter fumaroxidans	44.0	50.0	8.0	56.0	28.0	20.0	38.0	54.0	10.0	1.0
sfu:Sfum_2305	Syntrophobacter fumaroxidans	130.0	132.0	26.0	126.0	116.0	48.0	150.0	148.0	18.0	1.0
sfu:Sfum_0870	Syntrophobacter fumaroxidans	186.0	226.0	68.0	216.0	196.0	66.0	190.0	168.0	56.0	1.0
sfu:Sfum_3829	Syntrophobacter fumaroxidans	150.0	120.0	26.0	112.0	122.0	30.0	136.0	148.0	40.0	1.0
sfu:Sfum_1388	Syntrophobacter fumaroxidans	156.0	144.0	52.0	190.0	138.0	56.0	154.0	132.0	56.0	1.0
mfi:DSM1535_0200	Methanobacterium formicicum	330.0	266.0	108.0	298.0	286.0	98.0	278.0	308.0	102.0	1.0
sfu:Sfum_3217	Syntrophobacter fumaroxidans	28.0	12.0	2.0	22.0	34.0	6.0	20.0	22.0	14.0	1.0
dax:FDQ92_06290	Deltaproteobacteria bacterium	176.0	196.0	68.0	198.0	196.0	80.0	186.0	186.0	50.0	1.0
sfu:Sfum_0914	Syntrophobacter fumaroxidans	34.0	36.0	6.0	58.0	30.0	18.0	46.0	56.0	10.0	1.0
sfu:Sfum_3780	Syntrophobacter fumaroxidans	144.0	182.0	26.0	168.0	168.0	64.0	144.0	126.0	42.0	1.0
sfu:Sfum_1371	Syntrophobacter fumaroxidans	150.0	162.0	48.0	130.0	158.0	46.0	150.0	142.0	52.0	1.0
sfu:Sfum_3736	Syntrophobacter fumaroxidans	48.0	54.0	14.0	78.0	52.0	10.0	50.0	70.0	16.0	1.0
sfu:Sfum_4022	Syntrophobacter fumaroxidans	218.0	164.0	48.0	174.0	186.0	76.0	188.0	206.0	52.0	1.0
sfu:Sfum_2056	Syntrophobacter fumaroxidans	64.0	68.0	14.0	82.0	56.0	20.0	42.0	46.0	12.0	1.0
sfu:Sfum_3486	Syntrophobacter fumaroxidans	96.0	94.0	34.0	92.0	130.0	30.0	110.0	76.0	30.0	1.0
ppd:Ppro_3180	Pelobacter propionicus	12.0	13.0	4.0	10.0	16.0	4.0	13.0	11.0	1.0	1.0
sfu:Sfum_1879	Syntrophobacter fumaroxidans	84.0	58.0	26.0	62.0	58.0	8.0	62.0	42.0	28.0	1.0
sfu:Sfum_0274	Syntrophobacter fumaroxidans	52.0	54.0	16.0	44.0	70.0	18.0	58.0	66.0	20.0	1.0
mfi:DSM1535_2261	Methanobacterium formicicum	100.0	86.0	22.0	70.0	74.0	12.0	68.0	84.0	18.0	1.0
sfu:Sfum_3948	Syntrophobacter fumaroxidans	64.0	72.0	22.0	66.0	76.0	22.0	74.0	76.0	28.0	1.0
mfi:DSM1535_1901	Methanobacterium formicicum	328.0	276.0	94.0	274.0	300.0	106.0	328.0	290.0	116.0	1.0
sfu:Sfum_1877	Syntrophobacter fumaroxidans	204.0	230.0	78.0	238.0	208.0	70.0	228.0	190.0	92.0	1.0
mfc:BRM9_2101,mfi:DSM1535_1580	Methanobacterium formicicum	240.0	260.0	70.0	258.0	252.0	112.0	246.0	264.0	78.0	1.0
mfi:DSM1535_0879	Methanobacterium formicicum	70.0	46.0	24.0	56.0	50.0	20.0	64.0	62.0	36.0	1.0
dalk:DSCA_33060	Deltaproteobacteria bacterium	78.0	114.0	32.0	114.0	132.0	44.0	106.0	106.0	38.0	1.0
0.0	Geobacter sulfurreducens	36.0	1024.0	0.0	28.0	1080.0	0.0	34.0	1078.0	1.0	
sfu:Sfum_2150	Syntrophobacter fumaroxidans	180.0	170.0	54.0	192.0	204.0	74.0	182.0	198.0	72.0	1.0
mfi:DSM1535_2435	Methanobacterium formicicum	186.0	142.0	46.0	174.0	126.0	50.0	134.0	152.0	60.0	1.0
mfc:BRM9_0849,mfi:DSM1535_0812	Methanobacterium formicicum	470.0	466.0	152.0	508.0	490.0	142.0	572.0	504.0	176.0	1.0
sfu:Sfum_0277	Syntrophobacter fumaroxidans	114.0	114.0	42.0	100.0	108.0	22.0	82.0	88.0	42.0	1.0
mfi:DSM1535_2114	Methanobacterium formicicum	344.0	358.0	98.0	326.0	330.0	114.0	348.0	326.0	102.0	1.0
sfu:Sfum_1519	Syntrophobacter fumaroxidans	54.0	28.0	14.0	46.0	16.0	20.0	30.0	42.0	8.0	1.0
mfi:DSM1535_1815	Methanobacterium formicicum	58.0	86.0	14.0	64.0	84.0	24.0	64.0	62.0	16.0	1.0
ppd:Ppro_0471	Pelobacter propionicus	22.0	16.0	6.0	24.0	6.0	6.0	20.0	26.0	2.0	1.0
mfi:DSM1535_1919	Methanobacterium formicicum	884.0	768.0	246.0	878.0	912.0	280.0	902.0	784.0	320.0	1.0
mfc:BRM9_0115,mfi:DSM1535_1438	Methanobacterium formicicum	320.0	354.0	112.0	298.0	338.0	70.0	366.0	326.0	82.0	1.0
sfu:Sfum_4063	Syntrophobacter fumaroxidans	624.0	664.0	260.0	700.0	598.0	216.0	648.0	684.0	212.0	1.0
mfi:DSM1535_1209	Methanobacterium formicicum	96.0	124.0	52.0	122.0	122.0	46.0	108.0	150.0	42.0	1.0
mfc:BRM9_1839,mfi:DSM1535_0022	Methanobacterium formicicum	48.0	66.0	20.0	50.0	32.0	20.0	36.0	56.0	16.0	1.0
mfi:DSM1535_0438	Methanobacterium formicicum	362.0	362.0	98.0	380.0	350.0	122.0	384.0	348.0	136.0	1.0
sfu:Sfum_2934	Syntrophobacter fumaroxidans	40.0	30.0	12.0	40.0	46.0	8.0	48.0	30.0	10.0	1.0
sfu:Sfum_1022	Syntrophobacter fumaroxidans	44.0	42.0	18.0	74.0	42.0	12.0	52.0	54.0	14.0	1.0
mfc:BRM9_0705,mfi:DSM1535_0658	Methanobacterium formicicum	68.0	76.0	20.0	86.0	74.0	32.0	106.0	98.0	24.0	1.0
gsu:GSU3195	Geobacter sulfurreducens	52.0	54.0	18.0	50.0	60.0	22.0	64.0	42.0	12.0	1.0
sfu:Sfum_1180	Syntrophobacter fumaroxidans	86.0	78.0	36.0	92.0	90.0	36.0	70.0	98.0	38.0	1.0
sfu:Sfum_2606	Syntrophobacter fumaroxidans	112.0	94.0	40.0	104.0	106.0	38.0	122.0	116.0	36.0	1.0
mfc:BRM9_0157,mfi:DSM1535_1479	Methanobacterium formicicum	6.0	476.0	15164.0	4.0	472.0	15018.0	12.0	476.0	14836.0	1.0
sfu:Sfum_3659	Syntrophobacter fumaroxidans	88.0	96.0	28.0	72.0	62.0	16.0	64.0	64.0	18.0	1.0
sfu:Sfum_1251	Syntrophobacter fumaroxidans	154.0	128.0	46.0	142.0	144.0	40.0	194.0	120.0	42.0	1.0
mfi:DSM1535_0523	Methanobacterium formicicum	548.0	486.0	198.0	502.0	546.0	164.0	510.0	558.0	174.0	1.0
sfu:Sfum_4025	Syntrophobacter fumaroxidans	184.0	200.0	92.0	200.0	212.0	66.0	196.0	212.0	58.0	1.0
mfc:BRM9_2068,mfi:DSM1535_1618	Methanobacterium formicicum	162.0	182.0	44.0	154.0	102.0	48.0	158.0	142.0	54.0	1.0
dalk:DSCA_33050	Deltaproteobacteria bacterium	70.0	78.0	24.0	58.0	76.0	14.0	54.0	60.0	16.0	1.0
sfu:Sfum_1290	Syntrophobacter fumaroxidans	116.0	118.0	54.0	132.0	110.0	34.0	136.0	128.0	42.0	1.0
mfi:DSM1535_0171	Methanobacterium formicicum	258.0	218.0	70.0	204.0	210.0	80.0	210.0	200.0	60.0	1.0
sfu:Sfum_2400	Syntrophobacter fumaroxidans	112.0	108.0	54.0	98.0	128.0	36.0	112.0	108.0	34.0	1.0
sfu:Sfum_1691	Syntrophobacter fumaroxidans	100.0	120.0	40.0	138.0	120.0	28.0	110.0	96.0	36.0	1.0
mfc:BRM9_0770,mfi:DSM1535_0731	Methanobacterium formicicum	70.0	94.0	24.0	82.0	64.0	24.0	84.0	68.0	32.0	1.0
sfu:Sfum_0902	Syntrophobacter fumaroxidans	84.0	74.0	22.0	70.0	70.0	20.0	68.0	68.0	24.0	1.0
sfu:Sfum_1916	Syntrophobacter fumaroxidans	40.0	52.0	18.0	64.0	50.0	18.0	50.0	44.0	10.0	1.0
sfu:Sfum_2309	Syntrophobacter fumaroxidans	58.0	50.0	14.0	70.0	70.0	16.0	48.0	62.0	22.0	1.0
sfu:Sfum_1886	Syntrophobacter fumaroxidans	110.0	120.0	32.0	102.0	130.0	26.0	92.0	118.0	34.0	1.0
sfu:Sfum_1954	Syntrophobacter fumaroxidans	294.0	262.0	110.0	314.0	284.0	110.0	308.0	326.0	84.0	1.0
mfc:BRM9_0717,mfi:DSM1535_0669	Methanobacterium formicicum	80.0	72.0	38.0	76.0	58.0	26.0	58.0	74.0	32.0	1.0
mfc:BRM9_1221,mfi:DSM1535_1902	Methanobacterium formicicum	438.0	424.0	120.0	478.0	436.0	128.0	396.0	416.0	118.0	1.0
ppd:Ppro_0358	Pelobacter propionicus	28.0	30.0	2.0	24.0	18.0	16.0	32.0	22.0	8.0	1.0
sfu:Sfum_2576	Syntrophobacter fumaroxidans	64.0	42.0	16.0	48.0	40.0	14.0	52.0	58.0	14.0	1.0
dax:FDQ92_06330	Deltaproteobacteria bacterium	0.0	58.0	2288.0	2.0	74.0	2338.0	2.0	88.0	2370.0	1.0
mfi:DSM1535_1811	Methanobacterium formicicum	188.0	198.0	80.0	220.0	172.0	76.0	190.0	192.0	74.0	1.0
sfu:Sfum_2298	Syntrophobacter fumaroxidans	222.0	216.0	78.0	192.0	172.0	62.0	218.0	192.0	46.0	1.0
sfu:Sfum_1674	Syntrophobacter fumaroxidans	94.0	114.0	38.0	118.0	118.0	56.0	124.0	104.0	46.0	1.0
sfu:Sfum_2289	Syntrophobacter fumaroxidans	308.0	242.0	78.0	358.0	262.0	106.0	286.0	298.0	96.0	1.0
mfi:DSM1535_1066	Methanobacterium formicicum	118.0	126.0	30.0	112.0	140.0	38.0	122.0	106.0	48.0	1.0
sfu:Sfum_0258	Syntrophobacter fumaroxidans	96.0	80.0	26.0	94.0	82.0	14.0	86.0	94.0	20.0	1.0
mfi:DSM1535_1095	Methanobacterium formicicum	586.0	588.0	160.0	606.0	568.0	208.0	628.0	604.0	192.0	1.0
sfu:Sfum_3871	Syntrophobacter fumaroxidans	48.0	34.0	8.0	40.0	44.0	10.0	42.0	56.0	10.0	1.0
sfu:Sfum_3494	Syntrophobacter fumaroxidans	230.0	226.0	66.0	268.0	232.0	66.0	302.0	294.0	88.0	1.0
gsu:GSU2177	Geobacter sulfurreducens	38.0	36.0	8.0	42.0	56.0	14.0	48.0	48.0	12.0	1.0
sfu:Sfum_2227	Syntrophobacter fumaroxidans	738.0	668.0	242.0	718.0	770.0	240.0	732.0	690.0	250.0	1.0
nhl:Nhal_1535	Deltaproteobacteria bacterium	290.0	306.0	122.0	316.0	308.0	100.0	352.0	304.0	100.0	1.0
sfu:Sfum_2197	Syntrophobacter fumaroxidans	136.0	94.0	42.0	108.0	132.0	42.0	150.0	146.0	48.0	1.0
sfu:Sfum_1430	Syntrophobacter fumaroxidans	38.0	44.0	20.0	14.0	18.0	14.0	40.0	38.0	10.0	1.0
mfi:DSM1535_2334	Methanobacterium formicicum	226.0	246.0	58.0	276.0	250.0	52.0	220.0	240.0	82.0	1.0
dax:FDQ92_01670	Deltaproteobacteria bacterium	236.0	254.0	96.0	228.0	258.0	96.0	244.0	228.0	80.0	1.0
sfu:Sfum_2697	Syntrophobacter fumaroxidans	120.0	104.0	26.0	136.0	120.0	48.0	102.0	116.0	44.0	1.0
sfu:Sfum_2812	Syntrophobacter fumaroxidans	34.0	46.0	12.0	38.0	26.0	8.0	26.0	30.0	20.0	1.0
mfi:DSM1535_1500	Methanobacterium formicicum	242.0	300.0	98.0	302.0	296.0	84.0	278.0	334.0	98.0	1.0
mfi:DSM1535_1064	Methanobacterium formicicum	426.0	484.0	162.0	476.0	450.0	146.0	450.0	428.0	144.0	1.0
ppd:Ppro_3522	Pelobacter propionicus	32.0	14.0	2.0	12.0	18.0	4.0	32.0	30.0	6.0	1.0
mfi:DSM1535_1838	Methanobacterium formicicum	182.0	158.0	64.0	194.0	214.0	66.0	190.0	158.0	74.0	1.0
sfu:Sfum_1892	Syntrophobacter fumaroxidans	46.0	52.0	22.0	64.0	68.0	18.0	46.0	46.0	12.0	1.0
mfi:DSM1535_0566	Methanobacterium formicicum	288.0	298.0	82.0	252.0	258.0	120.0	292.0	272.0	86.0	1.0
mfi:DSM1535_1230	Methanobacterium formicicum	856.0	854.0	300.0	862.0	784.0	266.0	896.0	892.0	284.0	1.0
mfc:BRM9_0376,mfi:DSM1535_0303	Methanobacterium formicicum	210.0	140.0	46.0	122.0	178.0	62.0	156.0	178.0	66.0	1.0
sfu:Sfum_3405	Syntrophobacter fumaroxidans	62.0	50.0	26.0	32.0	52.0	10.0	52.0	58.0	18.0	1.0
mfi:DSM1535_0991	Methanobacterium formicicum	82.0	88.0	28.0	90.0	74.0	22.0	90.0	52.0	16.0	1.0
ppd:Ppro_0353	Pelobacter propionicus	134.0	124.0	32.0	90.0	80.0	32.0	96.0	104.0	36.0	1.0
gsu:GSU2322	Geobacter sulfurreducens	36.0	58.0	24.0	42.0	56.0	12.0	36.0	36.0	8.0	1.0
sfu:Sfum_2674	Syntrophobacter fumaroxidans	46.0	56.0	20.0	42.0	38.0	18.0	46.0	42.0	18.0	1.0
sfu:Sfum_2882	Syntrophobacter fumaroxidans	86.0	118.0	26.0	96.0	134.0	34.0	134.0	138.0	42.0	1.0
sfu:Sfum_1489	Syntrophobacter fumaroxidans	24.0	20.0	4.0	6.0	20.0	10.0	28.0	20.0	8.0	1.0
mfc:BRM9_0488,mfi:DSM1535_0469	Methanobacterium formicicum	208.0	190.0	48.0	244.0	208.0	44.0	198.0	170.0	62.0	1.0
sfu:Sfum_2477	Syntrophobacter fumaroxidans	70.0	48.0	28.0	74.0	76.0	12.0	82.0	60.0	24.0	1.0
mfi:DSM1535_1522	Methanobacterium formicicum	306.0	274.0	76.0	278.0	306.0	78.0	232.0	258.0	88.0	1.0
mfc:BRM9_1052,mfi:DSM1535_1713	Methanobacterium formicicum	160.0	140.0	42.0	134.0	146.0	58.0	156.0	150.0	66.0	1.0
mfc:BRM9_1121,mfi:DSM1535_1776	Methanobacterium formicicum	520.0	504.0	178.0	452.0	486.0	196.0	500.0	546.0	154.0	1.0
sfu:Sfum_1654	Syntrophobacter fumaroxidans	74.0	116.0	16.0	62.0	68.0	32.0	56.0	82.0	30.0	1.0
dax:FDQ92_01850	Deltaproteobacteria bacterium	40.0	34.0	24.0	54.0	46.0	8.0	40.0	36.0	8.0	1.0
mfi:DSM1535_1963	Methanobacterium formicicum	462.0	522.0	166.0	542.0	480.0	164.0	510.0	486.0	162.0	1.0
sfu:Sfum_1868	Syntrophobacter fumaroxidans	40.0	30.0	6.0	32.0	20.0	8.0	32.0	22.0	12.0	1.0
mfi:DSM1535_1846	Methanobacterium formicicum	54.0	40.0	22.0	54.0	58.0	18.0	54.0	42.0	16.0	1.0
sfu:Sfum_2177	Syntrophobacter fumaroxidans	206.0	210.0	82.0	230.0	218.0	56.0	214.0	204.0	76.0	1.0
sfu:Sfum_0244	Syntrophobacter fumaroxidans	42.0	40.0	16.0	50.0	48.0	14.0	28.0	48.0	10.0	1.0
mfi:DSM1535_0760	Methanobacterium formicicum	220.0	256.0	94.0	260.0	256.0	66.0	246.0	268.0	72.0	1.0
sfu:Sfum_2337	Syntrophobacter fumaroxidans	94.0	96.0	12.0	94.0	80.0	28.0	84.0	90.0	16.0	1.0
sfu:Sfum_2631	Syntrophobacter fumaroxidans	158.0	168.0	56.0	174.0	126.0	60.0	162.0	156.0	40.0	1.0
mfi:DSM1535_2218	Methanobacterium formicicum	172.0	182.0	56.0	234.0	178.0	68.0	200.0	164.0	56.0	1.0
sfu:Sfum_3826	Syntrophobacter fumaroxidans	40.0	32.0	14.0	58.0	54.0	20.0	38.0	52.0	10.0	1.0
sfu:Sfum_1349	Syntrophobacter fumaroxidans	312.0	318.0	88.0	344.0	306.0	86.0	288.0	292.0	94.0	1.0
ppd:Ppro_0477	Pelobacter propionicus	80.0	104.0	36.0	96.0	86.0	36.0	106.0	98.0	22.0	1.0
sfu:Sfum_3949	Syntrophobacter fumaroxidans	78.0	74.0	32.0	58.0	66.0	12.0	78.0	48.0	28.0	1.0
sfu:Sfum_0149	Syntrophobacter fumaroxidans	96.0	112.0	40.0	70.0	118.0	24.0	90.0	94.0	36.0	1.0
dax:FDQ92_00930	Deltaproteobacteria bacterium	164.0	132.0	52.0	140.0	144.0	34.0	142.0	150.0	44.0	1.0
mfc:BRM9_0619,mfi:DSM1535_0600	Methanobacterium formicicum	170.0	190.0	52.0	210.0	184.0	46.0	154.0	178.0	46.0	1.0
sfu:Sfum_4019	Syntrophobacter fumaroxidans	200.0	182.0	66.0	218.0	196.0	66.0	208.0	186.0	42.0	1.0
sfu:Sfum_3194	Syntrophobacter fumaroxidans	86.0	78.0	34.0	84.0	74.0	36.0	74.0	94.0	24.0	1.0
mfi:DSM1535_1727	Methanobacterium formicicum	224.0	222.0	68.0	264.0	228.0	70.0	230.0	230.0	74.0	1.0
gme:Gmet_3422	Geobacter sulfurreducens	134.0	138.0	32.0	112.0	128.0	36.0	100.0	100.0	28.0	1.0
sfu:Sfum_0169	Syntrophobacter fumaroxidans	112.0	136.0	36.0	132.0	136.0	54.0	134.0	140.0	32.0	1.0
mfi:DSM1535_1554	Methanobacterium formicicum	604.0	580.0	232.0	658.0	586.0	194.0	596.0	620.0	230.0	1.0
sfu:Sfum_3345	Syntrophobacter fumaroxidans	98.0	98.0	32.0	94.0	108.0	36.0	78.0	56.0	28.0	1.0
sfu:Sfum_3023	Syntrophobacter fumaroxidans	258.0	291.0	67.0	257.0	254.0	92.0	222.0	259.0	67.0	1.0
sfu:Sfum_3588	Syntrophobacter fumaroxidans	136.0	136.0	46.0	114.0	154.0	28.0	154.0	116.0	42.0	1.0
sfu:Sfum_2396	Syntrophobacter fumaroxidans	140.0	180.0	30.0	148.0	196.0	42.0	150.0	150.0	46.0	1.0
sfu:Sfum_2142	Syntrophobacter fumaroxidans	128.0	112.0	42.0	104.0	136.0	44.0	146.0	142.0	42.0	1.0
mfi:DSM1535_1467	Methanobacterium formicicum	1234.0	1146.0	328.0	1062.0	1142.0	376.0	1112.0	1106.0	350.0	1.0
sfu:Sfum_2636	Syntrophobacter fumaroxidans	60.0	48.0	24.0	64.0	58.0	22.0	58.0	48.0	20.0	1.0
sfu:Sfum_1113	Syntrophobacter fumaroxidans	92.0	104.0	46.0	106.0	134.0	30.0	110.0	114.0	38.0	1.0
sfu:Sfum_1488	Syntrophobacter fumaroxidans	150.0	142.0	54.0	154.0	134.0	50.0	162.0	172.0	80.0	1.0
mfi:DSM1535_2206	Methanobacterium formicicum	422.0	414.0	130.0	446.0	382.0	134.0	464.0	410.0	118.0	1.0
mfc:BRM9_0379,mfi:DSM1535_0307	Methanobacterium formicicum	202.0	198.0	56.0	176.0	186.0	60.0	220.0	164.0	76.0	1.0
sfu:Sfum_3283	Syntrophobacter fumaroxidans	92.0	88.0	26.0	94.0	70.0	32.0	56.0	84.0	10.0	1.0
mfi:DSM1535_1930	Methanobacterium formicicum	250.0	272.0	88.0	270.0	260.0	70.0	246.0	200.0	66.0	1.0
sfu:Sfum_3971	Syntrophobacter fumaroxidans	136.0	178.0	56.0	176.0	156.0	74.0	160.0	186.0	38.0	1.0
sfu:Sfum_0476	Syntrophobacter fumaroxidans	138.0	130.0	58.0	108.0	106.0	42.0	114.0	104.0	24.0	1.0
